X,Y,Index_,ACCNUM,YEAR,DATE,TIME,Hour,STREET1,STREET2,OFFSET,ROAD_CLASS,LATITUDE,LONGITUDE,LOCCOORD,ACCLOC,TRAFFCTL,VISIBILITY,ACCLASS,LEVEL,INVTYPE,TYPE,INVAGE,INJURY,condition,VEHTYPE,MANOEUVER,DRIVACT,DRIVCOND,PEDTYPE,PEDACT,PEDCOND,CYCLISTYPE,CYCACT,CYCCOND
-79.317523,43.763011,80243114,5001098276,2015,"June 30, 2015",410,4,VICTORIA PARK AVE,YORK MILLS RD, ,Major Arterial,43.763011,-79.317523,Intersection,Intersection Related,Traffic Signal,Clear,Non-Fatal,non-fatal,Pedestrian,pedestrian,70 to 74,Major,severely injured, , , , ,Vehicle is going straight thru inter.while ped cross without ROW,Crossing without right of way,Normal, , , 
-79.447078,43.66828,80144942,3000986891,2013,"November 17, 2013",412,4,LANSDOWNE AVE,BRANDON AVE, ,Minor Arterial,43.66828,-79.447078,Mid-Block,Non Intersection,No Control,Rain,Non-Fatal,non-fatal,Pedestrian,pedestrian,25 to 29,Major,severely injured, , , , ,Pedestrian hit at mid-block,Running onto Roadway,"Ability Impaired, Alcohol", , , 
-79.36569,43.654145,7504083,1331914,2012,"November 13, 2012",420,4,470 RICHMOND ST E, , ,Major Arterial,43.654145,-79.36569,Mid-Block, ,No Control,Clear,Non-Fatal,non-fatal,Pedestrian,pedestrian,45 to 49,Major,severely injured,Other, , , ,Pedestrian hit at mid-block,Playing or Working on Highway,Normal, , , 
-79.38659,43.650845,6183730,1186370,2010,"July 18, 2010",427,4,QUEEN ST W,UNIVERSITY AVE, ,Major Arterial,43.650845,-79.38659,Intersection, ,Traffic Signal,Clear,Non-Fatal,non-fatal,Pedestrian,pedestrian,25 to 29,Major,severely injured,Other, , , ,Vehicle is going straight thru inter.while ped cross with ROW,Crossing with right of way,Had Been Drinking, , , 
-79.59299,43.743345,5328823,1024196,2008,"February 28, 2008",600,6,STEVENSON RD,PAMELA CRT, ,Local,43.743345,-79.59299,Mid-Block, ,No Control,Clear,Non-Fatal,non-fatal,Pedestrian,pedestrian,45 to 49,Major,severely injured,Other, , , ,Pedestrian hit at mid-block,Walking on Roadway with Traffic,Normal, , , 
-79.57729,43.690545,5418353,1064117,2008,"September 25, 2008",600,6,CITY VIEW DR,DIXON RD, ,Local,43.690545,-79.57729,Mid-Block, ,No Control,Clear,Non-Fatal,non-fatal,Pedestrian,pedestrian,50 to 54,Major,severely injured,Other, , , ,Pedestrian hit on sidewalk or shoulder,On Sidewalk or Shoulder,Normal, , , 
-79.49569,43.676245,6714109,1270503,2011,"November 11, 2011",600,6,JANE ST,ALLIANCE AVE, ,Major Arterial,43.676245,-79.49569,Intersection,At Intersection,No Control,Clear,Non-Fatal,non-fatal,Pedestrian,pedestrian,50 to 54,Major,severely injured,Other, , , ,Pedestrian hit at mid-block,Running onto Roadway,Inattentive, , , 
-79.513431,43.758048,8000170,143339762,2014,"November 21, 2014",600,6,FINCH AVE W,DRIFTWOOD AVE, ,Major Arterial,43.758048,-79.513431,Intersection,At Intersection,Traffic Signal,Clear,Fatal,fatal,Pedestrian,pedestrian,60 to 64,Fatal,killed, , , , ,Vehicle is going straight thru inter.while ped cross without ROW,Crossing without right of way,Unknown, , , 
-79.505565,43.709235,80255307,5001906446,2015,"November 6, 2015",600,6,JANE ST,CHURCH ST,19 m South of,Major Arterial,43.709235,-79.505565,Intersection,Intersection Related,Traffic Signal,Rain,Non-Fatal,non-fatal,Pedestrian,pedestrian,70 to 74,Major,severely injured, , , , ,Vehicle turns left while ped crosses without ROW at inter.,"Crossing, no Traffic Control",Inattentive, , , 
-79.314952,43.794673,80914570,7000545198,2017,"March 28, 2017",600,6,2800 WARDEN AVE, , ,Major Arterial,43.794673,-79.314952,Mid-Block,Non Intersection,Pedestrian Crossover,Clear,Non-Fatal,non-fatal,Pedestrian,pedestrian,65 to 69,Major,severely injured, , , , ,Pedestrian hit a PXO/ped. Mid-block signal,"Crossing, Pedestrian Crossover",Normal, , , 
-79.522662,43.597373,80927145,6000852828,2016,"May 18, 2016",600,6,TWENTY FOURTH STREET,LAKESHORE BOULEVARD,46 m North of,Local,43.597373,-79.522662,Mid-Block,Non Intersection,No Control,Clear,Non-Fatal,non-fatal,Pedestrian,pedestrian,80 to 84,Major,severely injured, , , , ,Vehicle is reversing and hits pedestrian,Other,Normal, , , 
-79.580135,43.711745,80984304,8002245661,2018,"December 7, 2018",600,6,MARTIN GROV RD,REXDALE BLVD,250 m South of,Major Arterial,43.711745,-79.580135,Mid-Block,Non Intersection,No Control,Clear,Non-Fatal,non-fatal,Pedestrian,pedestrian,25 to 29,Major,severely injured, , , , ,Pedestrian hit at mid-block,"Crossing, no Traffic Control",Inattentive, , , 
-79.263774,43.801421,80493406,5002013764,2015,"November 24, 2015",603,6,MCCOWAN RD,KENHATCH BLVD, ,Major Arterial,43.801421,-79.263774,Intersection,At Intersection,Traffic Signal,Snow,Fatal,fatal,Pedestrian,pedestrian,25 to 29,Fatal,killed, , , , ,Vehicle is going straight thru inter.while ped cross with ROW,Crossing with right of way,Normal, , , 
-79.316562,43.666285,80909026,7003224827,2017,"December 19, 2017",603,6,COXWELL AVE,QUEEN ST E, ,Minor Arterial,43.666285,-79.316562,Intersection,At Intersection,Traffic Signal,Clear,Non-Fatal,non-fatal,Pedestrian,pedestrian,70 to 74,Major,severely injured, , , , ,Vehicle turns left while ped crosses with ROW at inter.,Crossing with right of way,Normal, , , 
-79.37019,43.658445,6609359,1225560,2011,"March 31, 2011",607,6,DUNDAS ST E,OSKENONTON  LANE, ,Major Arterial,43.658445,-79.37019,Intersection,At Intersection,No Control,Rain,Non-Fatal,non-fatal,Pedestrian,pedestrian,65 to 69,Major,severely injured,Other, , , ,Vehicle is going straight thru inter.while ped cross without ROW,"Crossing, no Traffic Control",Inattentive, , , 
-79.32019,43.684045,5056082,1140679,2009,"November 9, 2009",609,6,DANFORTH AVE,DRAYTON AVE, ,Major Arterial,43.684045,-79.32019,Intersection,At Intersection,No Control,Clear,Non-Fatal,non-fatal,Pedestrian,pedestrian,40 to 44,Major,severely injured,Other, , , ,Vehicle is going straight thru inter.while ped cross without ROW,"Crossing, no Traffic Control",Inattentive, , , 
-79.567188,43.644545,5407062,1059047,2008,"September 6, 2008",610,6,BURNHAMTHORPE RD,THE WEST MALL, ,Expressway,43.644545,-79.567188,Intersection,At Intersection,Traffic Signal,Rain,Non-Fatal,non-fatal,Pedestrian,pedestrian,50 to 54,Major,severely injured,Other,Other, , ,Vehicle is going straight thru inter.while ped cross without ROW,Crossing without right of way,Inattentive, , , 
-79.34649,43.769545,7543975,1338878,2012,"December 10, 2012",611,6,DON MILLS RD,HAVENBROOK BLVD, ,Major Arterial,43.769545,-79.34649,Intersection,At Intersection,Traffic Signal,Rain,Non-Fatal,non-fatal,Pedestrian,pedestrian,30 to 34,Major,severely injured,Other, , , ,Vehicle turns right while ped crosses with ROW at inter.,Crossing with right of way,Normal, , , 
-79.511432,43.683955,80915844,8000341044,2018,"February 23, 2018",612,6,EGLINTON AVE.,SCARLETT ROAD, ,Major Arterial,43.683955,-79.511432,Intersection,Intersection Related,Traffic Signal,Clear,Non-Fatal,non-fatal,Pedestrian,pedestrian,50 to 54,Major,severely injured, , , , , , ,Inattentive, , , 
-79.29219,43.814645,5205978,1089526,2009,"February 17, 2009",613,6,MCNICOLL Aven,MIDLAND Aven, ,Major Arterial,43.814645,-79.29219,Intersection,At Intersection,Traffic Controller,Clear,Non-Fatal,non-fatal,Pedestrian,pedestrian,50 to 54,Major,severely injured,Other,Other, , , , , , , , 
-79.29219,43.814545,5205981,1089527,2009,"February 17, 2009",613,6,MCNICOLL AVE,MIDLAND AVE, ,Major Arterial,43.814545,-79.29219,Intersection,At Intersection,Traffic Signal,Clear,Non-Fatal,non-fatal,Pedestrian,pedestrian,60 to 64,Major,severely injured,Other, , , ,Vehicle turns left while ped crosses with ROW at inter.,Crossing with right of way,Unknown, , , 
-79.369548,43.668162,7849569,1369473,2013,"August 7, 2013",613,6,WELLESLEY ST E,PARLIAMENT ST, ,Minor Arterial,43.668162,-79.369548,Intersection,At Intersection,Traffic Signal,Clear,Non-Fatal,non-fatal,Pedestrian,pedestrian,20 to 24,Major,severely injured,Other, , , ,Vehicle turns right while ped crosses with ROW at inter.,Crossing with right of way,Unknown, , , 
-79.41196,43.642031,6159309,1176062,2010,"May 21, 2010",614,6,KING ST W,STRACHAN AVE, ,Major Arterial,43.642031,-79.41196,Intersection, ,No Control,Clear,Non-Fatal,non-fatal,Pedestrian,pedestrian,45 to 49,Major,severely injured,Other, , , ,Pedestrian involved in a collision with transit vehicle anywhere along roadway,"Crossing, no Traffic Control",Had Been Drinking, , , 
-79.440814,43.697718,80244670,5001197879,2015,"July 15, 2015",429,4,1500 EGLINTON AVE W, , ,Major Arterial,43.697718,-79.440814,Mid-Block,At/Near Private Drive,No Control,Clear,Non-Fatal,non-fatal,Pedestrian,pedestrian,30 to 34,Major,severely injured, , , , ,Pedestrian hit at private driveway,Other,Unknown, , , 
-79.38349,43.667945,5281997,1123169,2009,"September 7, 2009",430,4,48 ISABELLA ST, , ,Collector,43.667945,-79.38349,Mid-Block, ,No Control,Clear,Non-Fatal,non-fatal,Pedestrian,pedestrian,35 to 39,Major,severely injured,Other, , , ,Pedestrian hit at mid-block,"Crossing, no Traffic Control",Unknown, , , 
-79.41279,43.775445,6685150,1258191,2011,"October 10, 2011",437,4,DORIS AVE,NORTHTOWN WAY, ,Minor Arterial,43.775445,-79.41279,Intersection, ,No Control,Clear,Non-Fatal,non-fatal,Pedestrian,pedestrian,25 to 29,Major,severely injured,Other, , , ,Pedestrian hit on sidewalk or shoulder,On Sidewalk or Shoulder,Unknown, , , 
-79.476505,43.670558,80485256,4002804562,2014,"August 30, 2014",459,4,ST CLAIR AVE W,SYMES RD,39 m East of,Major Arterial,43.670558,-79.476505,Mid-Block,Non Intersection,No Control,Clear,Fatal,fatal,Pedestrian,pedestrian,30 to 34,Fatal,killed, , , , ,Pedestrian hit at mid-block,Walking on Roadway Against Traffic,Other, , , 
-79.399638,43.636473,7895115,1388488,2013,"November 1, 2013",500,5,LAKE SHORE BLVD W,BATHURST ST, ,Major Arterial,43.636473,-79.399638,Intersection, ,Traffic Signal,Rain,Non-Fatal,non-fatal,Cyclist,cyclist,30 to 34,Major,severely injured,Bicycle,Going Ahead, , , , , ,Cyclist and Driver travelling in same direction. One vehicle rear-ended the other.,Disobeyed Traffic Control,Inattentive
-79.531055,43.631472,80256422,5001983106,2015,"November 19, 2015",502,5,KIPLING AVE,NORSEMAN ST, ,Major Arterial,43.631472,-79.531055,Intersection,At Intersection,Traffic Signal,Rain,Non-Fatal,non-fatal,Pedestrian,pedestrian,40 to 44,Major,severely injured, , , , ,Vehicle turns left while ped crosses with ROW at inter.,Crossing with right of way,Normal, , , 
-79.532115,43.619612,80719784,6001743580,2016,"October 1, 2016",510,5,THE QUEENSWAY,KIPLING AVE,500 m West of,Major Arterial,43.619612,-79.532115,Mid-Block,Non Intersection,No Control,Clear,Non-Fatal,non-fatal,Pedestrian,pedestrian,15 to 19,Major,severely injured, , , , ,Pedestrian hit at mid-block,Running onto Roadway,Had Been Drinking, , , 
-79.40709,43.674845,6581556,1210091,2011,"January 1, 2011",513,5,SPADINA RD,DUPONT ST, ,Major Arterial,43.674845,-79.40709,Intersection,At Intersection,Traffic Signal,Clear,Non-Fatal,non-fatal,Cyclist,cyclist,20 to 24,Major,severely injured,Bicycle,Going Ahead, , , , , ,Motorist turned left across cyclists path.,Driving Properly,Had Been Drinking
-79.289455,43.78575,80485509,4002712534,2014,"August 16, 2014",515,5,KENNEDY RD,BONIS AVE,4 m North of,Major Arterial,43.78575,-79.289455,Intersection,Intersection Related,Traffic Signal,Clear,Fatal,fatal,Pedestrian,pedestrian,85 to 89,Fatal,killed, , , , ,Vehicle turns left while ped crosses with ROW at inter.,Crossing with right of way,Normal, , , 
-79.44329,43.678645,6586496,1213866,2011,"January 21, 2011",519,5,DUFFERIN ST,NORTON AVE W, ,Major Arterial,43.678645,-79.44329,Intersection, ,No Control,Snow,Fatal,fatal,Pedestrian,pedestrian,55 to 59,Fatal,killed,Other, , , ,Pedestrian involved in a collision with transit vehicle anywhere along roadway,Person Getting on/off Vehicle,Unknown, , , 
-79.22629,43.762145,7790635,1344369,2013,"January 9, 2013",520,5,MARKHAM RD,GREENBRAE CRCT Circ, ,Major Arterial,43.762145,-79.22629,Intersection,At Intersection,Traffic Signal,Clear,Non-Fatal,non-fatal,Pedestrian,pedestrian,50 to 54,Major,severely injured,Other, , , ,Vehicle turns left while ped crosses with ROW at inter.,Crossing with right of way,Normal, , , 
-79.425548,43.700984,80493667,5002032713,2015,"November 27, 2015",532,5,EGLINTON AVE W,BATHURST ST, ,Major Arterial,43.700984,-79.425548,Intersection,At Intersection,Traffic Signal,Clear,Fatal,fatal,Pedestrian,pedestrian,20 to 24,Fatal,killed, , , , ,Vehicle turns right while ped crosses with ROW at inter.,Crossing with right of way,Normal, , , 
-79.25129,43.771545,7411979,1292881,2012,"March 16, 2012",534,5,MCCOWAN Rd,ELLESMERE Rd, ,Major Arterial,43.771545,-79.25129,Mid-Block, ,No Control,Clear,Non-Fatal,non-fatal,Cyclist,cyclist,50 to 54,Major,severely injured,Bicycle,Going Ahead, , , , , ,Cyclist and Driver travelling in same direction. One vehicle rear-ended the other.,Driving Properly,Normal
-79.37709,43.656445,6806439,1269951,2011,"October 20, 2011",535,5,CHURCH ST,DUNDAS ST E, ,Major Arterial,43.656445,-79.37709,Intersection,At Intersection,Traffic Signal,Rain,Non-Fatal,non-fatal,Pedestrian,pedestrian,40 to 44,Major,severely injured,Other, , , ,Vehicle is going straight thru inter.while ped cross without ROW,Crossing marked crosswalk without ROW,Unknown, , , 
-79.38089,43.641445,7534593,1339123,2012,"December 11, 2012",535,5,LAKE SHORE BLVD W,YORK ST, ,Expressway,43.641445,-79.38089,Intersection,At Intersection,Traffic Signal,Clear,Non-Fatal,non-fatal,Pedestrian,pedestrian,45 to 49,Major,severely injured,Other, , , ,Vehicle turns left while ped crosses with ROW at inter.,Crossing with right of way,Normal, , , 
-79.38602,43.655169,80971859,8001780816,2018,"September 26, 2018",645,6,DUNDAS ST W,CHESTNUT ST, ,Major Arterial,43.655169,-79.38602,Intersection,At Intersection,Traffic Signal,Clear,Non-Fatal,non-fatal,Pedestrian,pedestrian,55 to 59,Major,severely injured, , , , ,Vehicle turns left while ped crosses with ROW at inter., ,Normal, , , 
-79.322467,43.811843,80564619,6001239571,2016,"July 15, 2016",630,6,BAMBURGH CRCL,MONTAGUE PL, ,Collector,43.811843,-79.322467,Intersection,At Intersection,No Control,Clear,Non-Fatal,non-fatal,Pedestrian,pedestrian,90 to 94,Major,severely injured, , , , ,Vehicle is going straight thru inter.while ped cross without ROW,Crossing without right of way,Normal, , , 
-79.494472,43.78157,80949322,8001542376,2018,"August 21, 2018",630,6,KEELE STREET,STEELES AVENUE WEST, ,Major Arterial,43.78157,-79.494472,Intersection,At Intersection,Traffic Signal,Clear,Non-Fatal,non-fatal,Pedestrian,pedestrian,35 to 39,Major,severely injured, , , , , , ,Normal, , , 
-79.427028,43.707919,80973718,8001928612,2018,"October 19, 2018",630,6,BATHURST ST,BRIAR HILL AVE,11 m North of,Major Arterial,43.707919,-79.427028,Intersection,At Intersection,Traffic Signal,Clear,Non-Fatal,non-fatal,Pedestrian,pedestrian,30 to 34,Major,severely injured, , , , , , ,Inattentive, , , 
-79.30789,43.759545,5861201,1143896,2009,"November 30, 2009",631,6,ELLESMERE Rd,CLAUDIUS Gt, ,Major Arterial,43.759545,-79.30789,Intersection, ,No Control,Clear,Non-Fatal,non-fatal,Pedestrian,pedestrian,30 to 34,Major,severely injured,Other, , , ,Vehicle is going straight thru inter.while ped cross without ROW,Running onto Roadway,Inattentive, , , 
-79.53389,43.734645,6281865,1212585,2010,"December 9, 2010",631,6,RIVALDA RD,SHEPPARD AVE W, ,Major Arterial,43.734645,-79.53389,Intersection,At Intersection,Traffic Signal,Clear,Non-Fatal,non-fatal,Pedestrian,pedestrian,20 to 24,Major,severely injured,Other, , , ,Vehicle turns right while ped crosses with ROW at inter.,Crossing with right of way,Normal, , , 
-79.312274,43.797381,80225697,4003541767,2014,"December 24, 2014",635,6,FINCH AVE E,BRIDLETOWNE CRCL, ,Major Arterial,43.797381,-79.312274,Intersection,At Intersection,Traffic Signal,"Fog, Mist, Smoke, Dust",Non-Fatal,non-fatal,Pedestrian,pedestrian,55 to 59,Major,severely injured, , , , ,Vehicle turns left while ped crosses with ROW at inter.,Crossing with right of way,Inattentive, , , 
-79.290447,43.696479,80984080,8001846413,2018,"October 6, 2018",635,6,VICTORIA PARK AVE,CRESCENT TOWN RD, ,Major Arterial,43.696479,-79.290447,Intersection,At Intersection,Traffic Signal,Rain,Non-Fatal,non-fatal,Pedestrian,pedestrian,25 to 29,Major,severely injured, , , , ,Vehicle is going straight thru inter.while ped cross without ROW,Crossing without right of way,Normal, , , 
-79.450557,43.639189,80489687,5001649654,2015,"September 24, 2015",636,6,THE QUEENSWAY,GLENDALE AVE,57 m East of,Major Arterial,43.639189,-79.450557,Mid-Block,At Intersection,No Control,Clear,Fatal,fatal,Pedestrian,pedestrian,75 to 79,Fatal,killed, , , , ,Pedestrian hit at mid-block,"Crossing, no Traffic Control",Normal, , , 
-79.37879,43.654345,7496572,1328738,2012,"October 25, 2012",637,6,SHUTER ST,VICTORIA ST, ,Minor Arterial,43.654345,-79.37879,Intersection,At Intersection,Traffic Signal,Clear,Non-Fatal,non-fatal,Pedestrian,pedestrian,60 to 64,Major,severely injured,Other, , , ,Vehicle turns left while ped crosses with ROW at inter.,Crossing with right of way,Normal, , , 
-79.406482,43.656649,80503369,6000543310,2016,"March 31, 2016",637,6,COLLEGE ST,LIPPINCOTT ST,1 m East of,Major Arterial,43.656649,-79.406482,Intersection,At Intersection,Stop Sign,Rain,Non-Fatal,non-fatal,Cyclist,cyclist,65 to 69,Major,severely injured,Bicycle,Going Ahead, , , , , ,"Cyclist without ROW rides into path of motorist at inter, lnwy, dwy-Cyclist not turn.",Disobeyed Traffic Control,Inattentive
-79.23179,43.776445,6279777,1188832,2010,"September 13, 2010",639,6,MARKHAM RD,ELLESMERE RD, ,Major Arterial,43.776445,-79.23179,Intersection,At Intersection,Traffic Signal,Rain,Non-Fatal,non-fatal,Pedestrian,pedestrian,20 to 24,Major,severely injured,Other, , , ,Vehicle turns left while ped crosses without ROW at inter.,Crossing without right of way,Unknown, , , 
-79.440799,43.672553,80495499,5002178129,2015,"December 20, 2015",639,6,DUFFERIN ST,DAVENPORT RD,41 m South of,Major Arterial,43.672553,-79.440799,Mid-Block,Intersection Related,No Control,Clear,Non-Fatal,non-fatal,Cyclist,cyclist,30 to 34,Major,severely injured,Bicycle,Going Ahead, , , , , ,"Cyclist without ROW rides into path of motorist at inter, lnwy, dwy-Cyclist not turn.",Failed to Yield Right of Way,"Ability Impaired, Alcohol"
-79.44449,43.746845,5809277,1144154,2009,"December 24, 2009",640,6,MARWILL ST,ALMORE AVE, ,Local,43.746845,-79.44449,Intersection, ,No Control,Clear,Fatal,fatal,Pedestrian,pedestrian,85 to 89,Fatal,killed,Other, , , ,Pedestrian hit at mid-block,Walking on Roadway with Traffic,Normal, , , 
-79.56789,43.714145,6685866,1258477,2011,"October 3, 2011",640,6,KIPLING Aven,FROST Stre, ,Major Arterial,43.714145,-79.56789,Intersection, ,No Control,Rain,Non-Fatal,non-fatal,Pedestrian,pedestrian,30 to 34,Major,severely injured,Other, , , ,Vehicle is going straight thru inter.while ped cross without ROW,"Crossing, no Traffic Control",Normal, , , 
-79.44479,43.680945,7437668,1303942,2012,"May 21, 2012",640,6,GOODWOOD AVE,SELLERS AVE, ,Local,43.680945,-79.44479,Mid-Block, ,No Control,Clear,Non-Fatal,non-fatal,Cyclist,cyclist,10 to 14,Major,severely injured,Bicycle,Going Ahead, , , , , ,"Cyclist without ROW rides into path of motorist at inter, lnwy, dwy-Cyclist not turn.",Failed to Yield Right of Way,Inattentive
-79.56529,43.737245,7454959,1311042,2012,"July 13, 2012",640,6,ALBION RD,ISLINGTON AVE, ,Major Arterial,43.737245,-79.56529,Intersection,At Intersection,Traffic Signal,Clear,Non-Fatal,non-fatal,Cyclist,cyclist,35 to 39,Major,severely injured,Bicycle,Going Ahead, , , , , ,"Motorist without ROW drives into path of cyclist at inter, lnwy, dwy-Driver not turn.",Driving Properly,Normal
-79.39879,43.708645,7790025,1344093,2013,"January 16, 2013",640,6,YONGE ST,ORCHARD VIEW BLVD, ,Major Arterial,43.708645,-79.39879,Mid-Block, ,No Control,Clear,Non-Fatal,non-fatal,Pedestrian,pedestrian,55 to 59,Major,severely injured,Other, , , ,Pedestrian hit at mid-block,Crossing without right of way,Inattentive, , , 
-79.374553,43.657057,7790613,1344358,2013,"January 13, 2013",640,6,DUNDAS ST E,JARVIS ST, ,Major Arterial,43.657057,-79.374553,Intersection, ,No Control,Rain,Non-Fatal,non-fatal,Pedestrian,pedestrian,30 to 34,Major,severely injured,Other, , , ,Pedestrian hit at mid-block,"Crossing, no Traffic Control",Inattentive, , , 
-79.366794,43.809794,80498423,6000023068,2016,"January 5, 2016",640,6,STEELES AVE E,WAGGONERS WELL LN,60 m West of,Major Arterial,43.809794,-79.366794,Mid-Block,Non Intersection,No Control,Clear,Non-Fatal,non-fatal,Pedestrian,pedestrian,60 to 64,Major,severely injured, , , , ,Pedestrian hit at mid-block,"Crossing, no Traffic Control",Normal, , , 
-79.48049,43.650245,5422523,1065860,2008,"October 3, 2008",641,6,BLOOR ST W,WINDERMERE AVE, ,Major Arterial,43.650245,-79.48049,Intersection,At Intersection,Traffic Signal,Clear,Non-Fatal,non-fatal,Pedestrian,pedestrian,55 to 59,Major,severely injured,Other, , , ,Vehicle turns right while ped crosses without ROW at inter.,Crossing without right of way,Normal, , , 
-79.448291,43.671546,7542674,1327099,2012,"November 23, 2012",643,6,DAVENPORT RD,LANSDOWNE AVE, ,Minor Arterial,43.671546,-79.448291,Intersection,At Intersection,Traffic Signal,Clear,Fatal,fatal,Cyclist,cyclist,35 to 39,Fatal,killed,Bicycle,Going Ahead, , , , , ,"Cyclist without ROW rides into path of motorist at inter, lnwy, dwy-Cyclist not turn.", , 
-79.301936,43.812129,80000072,5000275153,2015,"February 16, 2015",644,6,KENNEDY RD,MCNICOLL AVE, ,Major Arterial,43.812129,-79.301936,Intersection,At Intersection,Traffic Signal,Clear,Fatal,fatal,Pedestrian,pedestrian,65 to 69,Fatal,killed, , , , ,Vehicle is going straight thru inter.while ped cross with ROW,Crossing with right of way,Unknown, , , 
-79.311847,43.683406,80159337,4002017268,2014,"May 5, 2014",644,6,WOODBINE AVE,MERRILL AVE E, ,Major Arterial,43.683406,-79.311847,Intersection,Intersection Related,Stop Sign,Clear,Non-Fatal,non-fatal,Cyclist,cyclist,55 to 59,Major,severely injured,Bicycle,Going Ahead, , , , , ,Motorist turned left across cyclists path.,Driving Properly,Normal
-79.279865,43.735224,80177278,4003112757,2014,"October 16, 2014",644,6,BERTRAND AVE,BIRCHMOUNT RD, ,Major Arterial,43.735224,-79.279865,Intersection,At Intersection,Traffic Signal,Clear,Non-Fatal,non-fatal,Pedestrian,pedestrian,55 to 59,Major,severely injured, , , , ,Vehicle turns left while ped crosses with ROW at inter.,Crossing with right of way,Normal, , , 
-79.60339,43.757845,5313048,1016775,2008,"January 23, 2008",645,6,MARTIN GROVE RD,STEELES AVE W, ,Major Arterial,43.757845,-79.60339,Intersection,At Intersection,Traffic Signal,Clear,Non-Fatal,non-fatal,Pedestrian,pedestrian,50 to 54,Major,severely injured,Other, , , ,Vehicle is going straight thru inter.while ped cross without ROW,Crossing marked crosswalk without ROW,Inattentive, , , 
-79.332736,43.689231,80000080,5000406927,2015,"March 10, 2015",645,6,452 MORTIMER AVE, , ,Minor Arterial,43.689231,-79.332736,Intersection, ,No Control,Clear,Fatal,fatal,Pedestrian,pedestrian,85 to 89,Fatal,killed, , , , ,Pedestrian hit at mid-block,"Crossing, no Traffic Control",Unknown, , , 
-79.429553,43.718352,80631905,4003298111,2014,"November 14, 2014",645,6,BATHURST ST,FAIRHOLME AVE,5 m North of,Major Arterial,43.718352,-79.429553,Intersection,At Intersection,No Control,Clear,Non-Fatal,non-fatal,Pedestrian,pedestrian,50 to 54,Major,severely injured, , , , ,Vehicle turns left while ped crosses with ROW at inter.,Crossing with right of way,Normal, , , 
-79.574611,43.728068,80777623,7000769510,2017,"May 2, 2017",645,6,WESTHUMBER BLVD,KIPLING AVE, ,Major Arterial,43.728068,-79.574611,Intersection,At Intersection,Traffic Signal,Clear,Non-Fatal,non-fatal,Cyclist,cyclist,60 to 64,Major,severely injured,Bicycle,Going Ahead, , , , , ,Motorist turning right on red at signalized intersection strikes cyclist.,Driving Properly,Normal
-79.451099,43.697844,80784064,7001784038,2017,"October 2, 2017",645,6,WHITMORE AVE,DUFFERIN ST, ,Major Arterial,43.697844,-79.451099,Intersection,At Intersection,Traffic Signal,Clear,Non-Fatal,non-fatal,Pedestrian,pedestrian,35 to 39,Major,severely injured, , , , ,Vehicle is going straight thru inter.while ped cross without ROW,Crossing marked crosswalk without ROW,Inattentive, , , 
-79.378078,43.652671,80494819,5002127671,2015,"December 12, 2015",646,6,QUEEN ST E,VICTORIA ST,2 m West of,Major Arterial,43.652671,-79.378078,Intersection,Intersection Related,Traffic Signal,Clear,Non-Fatal,non-fatal,Pedestrian,pedestrian,40 to 44,Major,severely injured, , , , ,Other / Undefined,Other,Medical or Physical Disability, , , 
-79.31809,43.764445,7467367,1316385,2012,"September 13, 2012",647,6,VICTORIA PARK AVE,TERRAVIEW BLVD, ,Major Arterial,43.764445,-79.31809,Intersection, ,No Control,Clear,Non-Fatal,non-fatal,Pedestrian,pedestrian,45 to 49,Major,severely injured,Other, , , ,Pedestrian hit at mid-block,Running onto Roadway,Normal, , , 
-79.516155,43.700087,80775275,7000532785,2017,"March 26, 2017",254,2,LAWRENCE  AVE W,WESTON RD, ,Major Arterial,43.700087,-79.516155,Intersection,At Intersection,Traffic Signal,Rain,Non-Fatal,non-fatal,Pedestrian,pedestrian,30 to 34,Major,severely injured, , , , ,Vehicle is going straight thru inter.while ped cross without ROW,Crossing without right of way,"Ability Impaired, Drugs", , , 
-79.43669,43.736845,5218361,1095072,2009,"February 21, 2009",255,2,STADACONA DR,WILSON AVE, ,Major Arterial,43.736845,-79.43669,Intersection, ,Stop Sign,Clear,Non-Fatal,non-fatal,Pedestrian,pedestrian,30 to 34,Major,severely injured,Other,Other, , ,Vehicle is going straight thru inter.while ped cross without ROW,Crossing without right of way,Had Been Drinking, , , 
-79.49119,43.665745,7850501,1369861,2013,"August 5, 2013",255,2,DUNDAS St W,JANE St, ,Major Arterial,43.665745,-79.49119,Intersection,At Intersection,Traffic Signal,Clear,Non-Fatal,non-fatal,Pedestrian,pedestrian,20 to 24,Major,severely injured,Other, , , ,Vehicle turns right while ped crosses with ROW at inter.,Crossing with right of way,Had Been Drinking, , , 
-79.57059,43.690045,6157790,1175328,2010,"June 28, 2010",256,2,HIGHWAY 401 X Ramp W,MARTIN GROVE RD, ,Expressway,43.690045,-79.57059,Mid-Block, ,No Control,Clear,Non-Fatal,non-fatal,Pedestrian,pedestrian,25 to 29,Major,severely injured,Other, , , ,Pedestrian hit at mid-block,Other,Had Been Drinking, , , 