X,Y,Index_,ACCNUM,YEAR,DATE,TIME,Hour,STREET1,STREET2,OFFSET,ROAD_CLASS,LATITUDE,LONGITUDE,LOCCOORD,ACCLOC,TRAFFCTL,VISIBILITY,ACCLASS,LEVEL,INVTYPE,TYPE,INVAGE,INJURY,condition,VEHTYPE,MANOEUVER,DRIVACT,DRIVCOND,PEDTYPE,PEDACT,PEDCOND,CYCLISTYPE,CYCACT,CYCCOND
-79.44369,43.716245,6102675,1150854,2010,"January 6, 2010",257,2,665 LAWRENCE AVE W, , ,Major Arterial,43.716245,-79.44369,Mid-Block, ,No Control,Clear,Non-Fatal,non-fatal,Pedestrian,pedestrian,40 to 44,Major,severely injured,Other, , , ,Pedestrian hit at mid-block,Playing or Working on Highway,Inattentive, , , 
-79.24619,43.737045,5188679,1078551,2009,"January 1, 2009",259,2,EGLINTON AVE E,DANFORTH RD, ,Major Arterial,43.737045,-79.24619,Intersection,At Intersection,Traffic Signal,Clear,Fatal,fatal,Pedestrian,pedestrian,50 to 54,Fatal,killed,Other, , , ,Vehicle is going straight thru inter.while ped cross without ROW,Crossing without right of way,"Ability Impaired, Alcohol Over .80", , , 
-79.391612,43.651122,80949667,8001315456,2018,"July 18, 2018",259,2,JOHN  ST,STEPHANIE ST,10 m South of,Local,43.651122,-79.391612,Intersection,Intersection Related,No Control,Clear,Non-Fatal,non-fatal,Pedestrian,pedestrian,35 to 39,Major,severely injured, , , , ,Other / Undefined,Other,Normal, , , 
-79.44909,43.695945,5260420,1113871,2009,"July 4, 2009",300,3,EGLINTON AVE W,DUFFERIN ST, ,Major Arterial,43.695945,-79.44909,Mid-Block, ,No Control,Clear,Non-Fatal,non-fatal,Pedestrian,pedestrian,45 to 49,Major,severely injured,Other, , , ,Pedestrian hit at mid-block,"Crossing, no Traffic Control",Normal, , , 
-79.347935,43.659312,81070833,8002245364,2018,"December 7, 2018",300,3,758 QUEEN ST E,Queen St E, ,Minor Arterial,43.659312,-79.347935,Mid-Block,Non Intersection,No Control,Drifting Snow,Non-Fatal,non-fatal,Cyclist,cyclist,40 to 44,Major,severely injured,Bicycle,Going Ahead, , , , , , ,Driving Properly,Normal
-79.38829,43.654745,6253438,1150954,2010,"January 8, 2010",302,3,UNIVERSITY Ave,DUNDAS St W, ,Major Arterial,43.654745,-79.38829,Intersection, ,No Control,Clear,Non-Fatal,non-fatal,Pedestrian,pedestrian,60 to 64,Major,severely injured,Other,Going Ahead, , ,Vehicle is going straight thru inter.while ped cross without ROW,"Crossing, no Traffic Control",Inattentive, , , 
-79.260387,43.715674,80542278,6001053517,2016,"June 17, 2016",303,3,DANFORTH RD,ST CLAIR AVE E,92.1 m south,Minor Arterial,43.715674,-79.260387,Mid-Block,Non Intersection,No Control,Clear,Fatal,fatal,Pedestrian,pedestrian,20 to 24,Fatal,killed, , , , ,Pedestrian hit at mid-block,Running onto Roadway,Other, , , 
-79.503124,43.762107,80622908,3001107258,2013,"December 7, 2013",304,3,35 FOUNTAINHEAD RD, , ,Local,43.762107,-79.503124,Mid-Block,Non Intersection,No Control,Clear,Non-Fatal,non-fatal,Pedestrian,pedestrian,20 to 24,Major,severely injured,"Automobile, Station Wagon", , , ,Pedestrian hit at mid-block,"Crossing, no Traffic Control",Had Been Drinking, , , 
-79.42009,43.797945,5384104,1049124,2008,"July 21, 2008",305,3,STEELES AVE E,YONGE ST, ,Major Arterial,43.797945,-79.42009,Intersection,At Intersection,Traffic Signal,Clear,Fatal,fatal,Pedestrian,pedestrian,35 to 39,Fatal,killed,Other, , , ,Vehicle is going straight thru inter.while ped cross without ROW,Crossing without right of way,Unknown, , , 
-79.51769,43.757245,5454426,1082425,2008,"December 14, 2008",305,3,FINCH AVE W,JANE ST, ,Major Arterial,43.757245,-79.51769,Intersection,At Intersection,Traffic Signal,Freezing Rain,Non-Fatal,non-fatal,Pedestrian,pedestrian,30 to 34,Major,severely injured,Other, , , ,Vehicle is going straight thru inter.while ped cross with ROW,Crossing with right of way,Normal, , , 
-79.37729,43.650645,5300761,1131365,2009,"October 18, 2009",306,3,ADELAIDE ST E,VICTORIA ST, ,Major Arterial,43.650645,-79.37729,Intersection, ,Traffic Signal,Clear,Non-Fatal,non-fatal,Pedestrian,pedestrian,25 to 29,Major,severely injured,Other,Other, , ,Unknown,Other,Normal, , , 
-79.51629,43.700145,7518573,1333183,2012,"December 21, 2012",306,3,LAWRENCE AVE W,WESTON RD, ,Major Arterial,43.700145,-79.51629,Intersection,At Intersection,No Control,Clear,Non-Fatal,non-fatal,Pedestrian,pedestrian,20 to 24,Major,severely injured,Other, , , ,Pedestrian hit at mid-block,"Crossing, no Traffic Control",Had Been Drinking, , , 
-79.40809,43.752145,5227765,1099302,2009,"February 24, 2009",308,3,YONGE ST,WILLIAM CARSON CRES, ,Major Arterial,43.752145,-79.40809,Mid-Block, ,No Control,Clear,Non-Fatal,non-fatal,Pedestrian,pedestrian,55 to 59,Major,severely injured,Other, , , ,Pedestrian involved in a collision with transit vehicle anywhere along roadway,Person Getting on/off Vehicle,Had Been Drinking, , , 
-79.225742,43.812205,80236867,5000669908,2015,"April 23, 2015",648,6,NEILSON RD,CROW TRL, ,Minor Arterial,43.812205,-79.225742,Intersection,At Intersection,Traffic Signal,Clear,Non-Fatal,non-fatal,Pedestrian,pedestrian,65 to 69,Major,severely injured, , , , ,Vehicle is going straight thru inter.while ped cross without ROW,Crossing without right of way,Normal, , , 
-79.282733,43.716109,80632340,6002071995,2016,"November 22, 2016",649,6,DEANS DR,WARDEN AVE, ,Major Arterial,43.716109,-79.282733,Intersection,At Intersection,Traffic Signal,Clear,Non-Fatal,non-fatal,Pedestrian,pedestrian,70 to 74,Major,severely injured, , , , ,Vehicle turns left while ped crosses with ROW at inter.,Crossing with right of way,Normal, , , 
-79.470042,43.787211,80943456,7001989464,2017,"November 3, 2017",649,6,DUFFERIN ST,STEELES  AVE W,1 m West of,Major Arterial,43.787211,-79.470042,Intersection,At Intersection,Traffic Signal,Rain,Non-Fatal,non-fatal,Pedestrian,pedestrian,60 to 64,Major,severely injured, , , , ,Vehicle turns right while ped crosses with ROW at inter.,Crossing with right of way,Normal, , , 
-79.42639,43.653545,6634064,1236286,2011,"March 30, 2011",650,6,COLLEGE ST,DOVERCOURT RD, ,Major Arterial,43.653545,-79.42639,Intersection,At Intersection,Traffic Signal,Clear,Non-Fatal,non-fatal,Cyclist,cyclist,45 to 49,Major,severely injured,Bicycle,Going Ahead, , , , , ,"Cyclist without ROW rides into path of motorist at inter, lnwy, dwy-Cyclist not turn.",Other,Inattentive
-79.30979,43.742145,7531315,1336620,2012,"December 3, 2012",650,6,VICTORIA PARK AVE,LAWRENCE AVE E, ,Major Arterial,43.742145,-79.30979,Intersection,At Intersection,Traffic Signal,Clear,Non-Fatal,non-fatal,Pedestrian,pedestrian,15 to 19,Major,severely injured,Other, , , ,Pedestrian hit on sidewalk or shoulder,On Sidewalk or Shoulder,Normal, , , 
-79.291301,43.763327,80975004,8002065935,2018,"November 9, 2018",650,6,ELLESMERE RD,BIRCHMOUNT RD, ,Major Arterial,43.763327,-79.291301,Intersection,Intersection Related,No Control,Snow,Fatal,fatal,Pedestrian,pedestrian,30 to 34,Major,severely injured, , , , ,Pedestrian hit on sidewalk or shoulder,On Sidewalk or Shoulder,Normal, , , 
-79.291301,43.763327,80975006,8002065935,2018,"November 9, 2018",650,6,ELLESMERE RD,BIRCHMOUNT RD, ,Major Arterial,43.763327,-79.291301,Intersection,Intersection Related,No Control,Snow,Fatal,fatal,Pedestrian,pedestrian,55 to 59,Fatal,killed, , , , ,Pedestrian hit on sidewalk or shoulder,On Sidewalk or Shoulder,Normal, , , 
-79.564769,43.766535,5215511,1093819,2009,"March 11, 2009",652,6,STEELES AVE W,PINE VALLEY  DR, ,Major Arterial,43.766535,-79.564769,Intersection,At Intersection,Traffic Signal,Rain,Fatal,fatal,Pedestrian,pedestrian,55 to 59,Fatal,killed,Other, , , ,Pedestrian hit at mid-block,"Crossing, no Traffic Control",Inattentive, , , 
-79.47199,43.682045,5309026,1014871,2008,"January 15, 2008",652,6,ROGERS RD,BICKNELL AVE, ,Minor Arterial,43.682045,-79.47199,Mid-Block,At Intersection,No Control,Snow,Non-Fatal,non-fatal,Pedestrian,pedestrian,85 to 89,Major,severely injured,Other, , , ,Pedestrian hit at mid-block,"Crossing, no Traffic Control",Normal, , , 
-79.45329,43.714145,7529123,1323544,2012,"November 1, 2012",652,6,LAWRENCE AVE W,CORONA ST, ,Major Arterial,43.714145,-79.45329,Mid-Block, ,No Control,Rain,Fatal,fatal,Pedestrian,pedestrian,30 to 34,Fatal,killed,Other, , , ,Vehicle is going straight thru inter.while ped cross without ROW,"Crossing, no Traffic Control",Inattentive, , , 
-79.42669,43.700745,7542563,1323931,2012,"November 1, 2012",654,6,EGLINTON AVE W,PEVERIL HILL  N, ,Major Arterial,43.700745,-79.42669,Intersection, ,No Control,Rain,Non-Fatal,non-fatal,Pedestrian,pedestrian,50 to 54,Major,severely injured,Other, , , ,Vehicle is going straight thru inter.while ped cross without ROW,Crossing without right of way,Inattentive, , , 
-79.401378,43.640677,80972766,8001806381,2018,"September 30, 2018",310,3,BATHURST ST,FRONT ST W, ,Major Arterial,43.640677,-79.401378,Intersection,At Intersection,Traffic Signal,Clear,Non-Fatal,non-fatal,Pedestrian,pedestrian,30 to 34,Major,severely injured, , , , ,Vehicle is going straight thru inter.while ped cross without ROW,Crossing without right of way,Had Been Drinking, , , 
-79.396343,43.648692,80942968,8000243481,2018,"February 8, 2018",313,3,SPADINA  AVE,QUEEN ST W, ,Major Arterial,43.648692,-79.396343,Intersection,At Intersection,Traffic Signal,Clear,Non-Fatal,non-fatal,Pedestrian,pedestrian,20 to 24,Major,severely injured, , , , ,Vehicle is going straight thru inter.while ped cross with ROW,"Crossing, Pedestrian Crossover",Normal, , , 
-79.401126,43.719538,7818742,1356299,2013,"May 15, 2013",314,3,YONGE ST,GLENGROVE AVE E, ,Major Arterial,43.719538,-79.401126,Intersection,At Intersection,Traffic Signal,Clear,Non-Fatal,non-fatal,Pedestrian,pedestrian,25 to 29,Major,severely injured,Other, , , ,Vehicle is going straight thru inter.while ped cross without ROW,Crossing without right of way,Had Been Drinking, , , 
-79.378688,43.665026,7653425,1379252,2012,"December 2, 2012",315,3,MAITLAND ST,YONGE ST, ,Collector,43.665026,-79.378688,Mid-Block, ,No Control,Clear,Non-Fatal,non-fatal,Pedestrian,pedestrian,20 to 24,Major,severely injured,Other, , , ,Pedestrian hit at mid-block,"Crossing, no Traffic Control",Other, , , 
-79.410892,43.761435,80632336,6002047256,2016,"November 18, 2016",318,3,SHEPPARD AVE E,YONGE ST, ,Major Arterial,43.761435,-79.410892,Intersection,At Intersection,Traffic Signal,Clear,Non-Fatal,non-fatal,Pedestrian,pedestrian,20 to 24,Major,severely injured,Intercity Bus,Going Ahead, , ,Vehicle is going straight thru inter.while ped cross without ROW,Running onto Roadway,Inattentive, , , 
-79.41209,43.765945,5394521,1053809,2008,"July 20, 2008",320,3,4982 YONGE ST, , ,Major Arterial,43.765945,-79.41209,Mid-Block, ,No Control,Rain,Non-Fatal,non-fatal,Pedestrian,pedestrian,25 to 29,Major,severely injured,Other, , , ,Pedestrian hit at mid-block,Running onto Roadway,Normal, , , 
-79.34479,43.678945,7475170,1319679,2012,"September 1, 2012",320,3,DANFORTH Ave,PAPE Ave, ,Major Arterial,43.678945,-79.34479,Intersection,At Intersection,Traffic Signal,Clear,Non-Fatal,non-fatal,Pedestrian,pedestrian,20 to 24,Major,severely injured,Other, , , ,Vehicle is going straight thru inter.while ped cross without ROW,Crossing without right of way,Had Been Drinking, , , 
-79.420772,43.649317,80182802,4003482087,2014,"December 14, 2014",324,3,OSSINGTON AVE,DUNDAS ST W, ,Major Arterial,43.649317,-79.420772,Intersection,Non Intersection,No Control,Clear,Non-Fatal,non-fatal,Pedestrian,pedestrian,25 to 29,Major,severely injured, , , , ,Other / Undefined,Other,"Ability Impaired, Alcohol Over .80", , , 
-79.45249,43.656345,6153559,1173449,2010,"June 6, 2010",325,3,DUNDAS ST W,BLOOR ST W, ,Major Arterial,43.656345,-79.45249,Intersection,At Intersection,Traffic Signal,Rain,Non-Fatal,non-fatal,Pedestrian,pedestrian,25 to 29,Major,severely injured,Other, , , ,Vehicle turns left while ped crosses with ROW at inter.,Crossing with right of way,Normal, , , 
-79.457828,43.655169,80238841,5000814405,2015,"May 16, 2015",325,3,BLOOR ST W,INDIAN GRV,50 m West of,Major Arterial,43.655169,-79.457828,Mid-Block,Non Intersection,No Control,Clear,Fatal,fatal,Pedestrian,pedestrian,40 to 44,Fatal,killed, , , , ,Pedestrian hit at mid-block,"Crossing, no Traffic Control",Had Been Drinking, , , 
-79.415744,43.676657,80778249,7000750453,2017,"April 29, 2017",325,3,DAVENPORT ROAD,BATHURST ST,5 m East of,Major Arterial,43.676657,-79.415744,Intersection,Intersection Related,Traffic Signal,Clear,Non-Fatal,non-fatal,Pedestrian,pedestrian,30 to 34,Major,severely injured, , , , ,Vehicle is going straight thru inter.while ped cross without ROW,Crossing without right of way,Inattentive, , , 
-79.47019,43.665045,6598266,1220521,2011,"January 1, 2011",328,3,HIGH PARK AVE,DUNDAS ST W, ,Local,43.665045,-79.47019,Mid-Block, ,No Control,Clear,Non-Fatal,non-fatal,Pedestrian,pedestrian,25 to 29,Major,severely injured,Other, , , ,Other / Undefined,Other,"Ability Impaired, Alcohol", , , 
-79.244685,43.744784,80769557,6001406724,2016,"August 10, 2016",329,3,DANFORTH RD,THICKETWOOD DR      (431), ,Major Arterial,43.744784,-79.244685,Intersection,Intersection Related,Stop Sign,Clear,Non-Fatal,non-fatal,Pedestrian,pedestrian,15 to 19,Major,severely injured, , , , ,Other / Undefined,Crossing without right of way,Inattentive, , , 
-79.40389,43.666645,6225152,1203754,2010,"November 14, 2010",330,3,SPADINA Rd,BLOOR St W, ,Major Arterial,43.666645,-79.40389,Intersection,At Intersection,Traffic Signal,Clear,Non-Fatal,non-fatal,Pedestrian,pedestrian,20 to 24,Major,severely injured,Other, , , ,Vehicle is going straight thru inter.while ped cross with ROW,Crossing with right of way,Had Been Drinking, , , 
-79.491008,43.76343,80947986,8001384948,2018,"July 29, 2018",330,3,FINCH AVE W,KEELE ST, ,Major Arterial,43.76343,-79.491008,Intersection,At Intersection,Traffic Signal,Clear,Non-Fatal,non-fatal,Pedestrian,pedestrian,15 to 19,Major,severely injured, , , , ,Vehicle turns left while ped crosses with ROW at inter.,Crossing with right of way,Normal, , , 
-79.40224,43.725344,80783699,7001803830,2017,"October 5, 2017",331,3,YONGE ST,LAWRENCE AVE W,100 m North of,Major Arterial,43.725344,-79.40224,Mid-Block,Non Intersection,No Control,Clear,Fatal,fatal,Pedestrian,pedestrian,20 to 24,Fatal,killed, , , , ,Pedestrian hit at mid-block,"Crossing, no Traffic Control",Normal, , , 
-79.26449,43.724045,7476110,1320057,2012,"September 6, 2012",615,6,KENNEDY RD,FOXRIDGE DR, ,Major Arterial,43.724045,-79.26449,Intersection,At Intersection,No Control,Clear,Non-Fatal,non-fatal,Cyclist,cyclist,35 to 39,Major,severely injured,Bicycle,Going Ahead, , , , , ,Motorist turned left across cyclists path.,Driving Properly,Normal
-79.355953,43.664591,80154894,4001727505,2014,"March 19, 2014",615,6,DON VALLEY PARKWAY  S,GERRARD ST E, ,Expressway,43.664591,-79.355953,Mid-Block,Non Intersection,No Control,Clear,Non-Fatal,non-fatal,Pedestrian,pedestrian,35 to 39,Major,severely injured, , , , ,Pedestrian hit at mid-block,Other,Unknown, , , 
-79.355869,43.664336,80205212,4001729186,2014,"March 19, 2014",615,6,DON VALLEY PARKWAY  S,GERRARD ST E, ,Expressway,43.664336,-79.355869,Mid-Block,Non Intersection,No Control,Clear,Non-Fatal,non-fatal,Pedestrian,pedestrian,35 to 39,Major,severely injured, , , , ,Pedestrian hit at mid-block,Other,Unknown, , , 
-79.435993,43.637103,80772709,7000342920,2017,"February 24, 2017",615,6,KING ST W,JAMESON AVE,8 m East of,Major Arterial,43.637103,-79.435993,Intersection,At Intersection,Traffic Signal,Rain,Non-Fatal,non-fatal,Pedestrian,pedestrian,55 to 59,Major,severely injured, , , , ,Vehicle turns left while ped crosses with ROW at inter.,Crossing with right of way,Normal, , , 
-79.542217,43.657641,80254361,5001851224,2015,"October 28, 2015",616,6,KIPLING AVE,GREENING CRES,20 m North of,Major Arterial,43.657641,-79.542217,Intersection,Non Intersection,No Control,Rain,Non-Fatal,non-fatal,Pedestrian,pedestrian,50 to 54,Major,severely injured, , , , ,Pedestrian hit at mid-block,Other,Inattentive, , , 
-79.50589,43.709145,7491583,1326621,2012,"October 10, 2012",617,6,CHURCH St,JANE St, ,Collector,43.709145,-79.50589,Mid-Block, ,No Control,Clear,Non-Fatal,non-fatal,Cyclist,cyclist,30 to 34,Major,severely injured,Bicycle,Going Ahead, , , , , ,Motorist turned left across cyclists path.,Driving Properly,Normal
-79.291316,43.765433,8000333,5000160956,2015,"January 28, 2015",617,6,1792 BIRCHMOUNT RD, , ,Major Arterial,43.765433,-79.291316,Mid-Block, ,No Control,Clear,Fatal,fatal,Pedestrian,pedestrian,55 to 59,Fatal,killed, , , , ,Pedestrian hit at mid-block,"Crossing, no Traffic Control",Inattentive, , , 
-79.339809,43.679061,80230530,5000232686,2015,"February 9, 2015",617,6,JONES AVE,HAZELWOOD AVE, ,Minor Arterial,43.679061,-79.339809,Intersection,At Intersection,Pedestrian Crossover,Clear,Non-Fatal,non-fatal,Pedestrian,pedestrian,20 to 24,Major,severely injured, , , , ,Pedestrian hit a PXO/ped. Mid-block signal,"Crossing, Pedestrian Crossover",Normal, , , 
-79.273952,43.822432,80975533,8002128352,2018,"November 19, 2018",617,6,MCCOWAN  RD,ALTON TOWERS  CRCL, ,Major Arterial,43.822432,-79.273952,Intersection,At Intersection,Traffic Signal,Clear,Non-Fatal,non-fatal,Pedestrian,pedestrian,30 to 34,Major,severely injured, , , , ,Vehicle turns left while ped crosses with ROW at inter.,Crossing with right of way,Normal, , , 
-79.587093,43.743144,6235689,1208298,2010,"December 1, 2010",620,6,FINCH AVE W,ALBION RD, ,Major Arterial,43.743144,-79.587093,Intersection,At Intersection,Traffic Signal,Rain,Non-Fatal,non-fatal,Pedestrian,pedestrian,40 to 44,Major,severely injured,Other, , , ,Vehicle is going straight thru inter.while ped cross without ROW,Crossing without right of way,Inattentive, , , 
-79.379863,43.655387,80000046,142879736,2014,"September 10, 2014",620,6,OKEEFE LANE,DUNDAS SQ, ,Laneway,43.655387,-79.379863,Mid-Block, ,No Control,Clear,Fatal,fatal,Pedestrian,pedestrian,25 to 29,Fatal,killed, , , , ,Vehicle is reversing and hits pedestrian,Other,Had Been Drinking, , , 
-79.47479,43.786145,6218334,1200942,2010,"October 14, 2010",622,6,STEELES AVE W,GERRY FITZGERALD DR, ,Major Arterial,43.786145,-79.47479,Intersection,At Intersection,Traffic Signal,Rain,Non-Fatal,non-fatal,Pedestrian,pedestrian,60 to 64,Major,severely injured,Other, , , ,Vehicle is going straight thru inter.while ped cross without ROW,Crossing without right of way,Inattentive, , , 
-79.469287,43.637206,80973076,8001812203,2018,"October 1, 2018",622,6,THE QUEENSWAY,WINDERMERE AVE, ,Major Arterial,43.637206,-79.469287,Mid-Block,Non Intersection,No Control,Clear,Fatal,fatal,Pedestrian,pedestrian,50 to 54,Fatal,killed, , , , ,Pedestrian involved in a collision with transit vehicle anywhere along roadway,Walking on Roadway Against Traffic,Unknown, , , 
-79.394183,43.675101,80985326,8002341194,2018,"December 22, 2018",623,6,DAVENPORT  RD,HAZELTON  AVE, ,Major Arterial,43.675101,-79.394183,Mid-Block,Non Intersection,No Control,Clear,Fatal,fatal,Pedestrian,pedestrian,50 to 54,Fatal,killed, , , , ,Pedestrian hit at mid-block,Other,Normal, , , 
-79.394183,43.675101,80985327,8002341194,2018,"December 22, 2018",623,6,DAVENPORT  RD,HAZELTON  AVE, ,Major Arterial,43.675101,-79.394183,Mid-Block,Non Intersection,No Control,Clear,Fatal,fatal,Pedestrian,pedestrian,50 to 54,Major,severely injured, , , , ,Pedestrian hit at mid-block,Other,Normal, , , 
-79.44479,43.682345,5346856,1032559,2008,"April 8, 2008",624,6,HOPE St,DUFFERIN St, ,Major Arterial,43.682345,-79.44479,Intersection,At Intersection,Traffic Signal,Clear,Non-Fatal,non-fatal,Pedestrian,pedestrian,65 to 69,Major,severely injured,Other, , , ,Vehicle turns left while ped crosses with ROW at inter.,Crossing with right of way,Normal, , , 
-79.392963,43.64049,80773903,7001300231,2017,"July 20, 2017",624,6,BREMNER BLVD,SPADINA AVE, ,Major Arterial,43.64049,-79.392963,Intersection,At Intersection,Traffic Signal,Clear,Non-Fatal,non-fatal,Pedestrian,pedestrian,30 to 34,Major,severely injured, , , , ,Vehicle is going straight thru inter.while ped cross without ROW,Crossing without right of way,Normal, , , 
-79.51569,43.749145,6213566,1199022,2010,"September 28, 2010",625,6,JANE ST,EDDYSTONE AVE, ,Major Arterial,43.749145,-79.51569,Intersection,At Intersection,Traffic Signal,Clear,Non-Fatal,non-fatal,Pedestrian,pedestrian,55 to 59,Major,severely injured,Other, , , ,Vehicle turns left while ped crosses with ROW at inter.,Crossing with right of way,Unknown, , , 
-79.33139,43.793145,7792145,1344985,2013,"January 11, 2013",626,6,VICTORIA PARK AVE,FINCH AVE E, ,Major Arterial,43.793145,-79.33139,Intersection,At Intersection,Traffic Signal,Rain,Non-Fatal,non-fatal,Pedestrian,pedestrian,45 to 49,Major,severely injured,Other, , , ,Vehicle turns left while ped crosses with ROW at inter.,Crossing with right of way,Normal, , , 
-79.27329,43.767445,5795766,1143058,2009,"November 26, 2009",630,6,1050 ELLESMERE Rd, , ,Major Arterial,43.767445,-79.27329,Mid-Block, ,No Control,Rain,Non-Fatal,non-fatal,Cyclist,cyclist,40 to 44,Major,severely injured,Bicycle,Going Ahead, , , , , ,Cyclist and Driver travelling in same direction. One vehicle rear-ended the other.,Driving Properly,Normal
-79.27699,43.702545,5808587,1138618,2009,"November 24, 2009",630,6,WARDEN AVE,CATARAQUI CRES, ,Minor Arterial,43.702545,-79.27699,Intersection,At Intersection,No Control,Rain,Fatal,fatal,Pedestrian,pedestrian,45 to 49,Fatal,killed,Other, , , ,Pedestrian hit at mid-block,"Crossing, no Traffic Control",Unknown, , , 
-79.39499,43.645445,6689759,1260146,2011,"October 21, 2011",630,6,SPADINA AVE W,KING ST W, ,Major Arterial,43.645445,-79.39499,Intersection,At Intersection,Traffic Signal,Clear,Fatal,fatal,Pedestrian,pedestrian,25 to 29,Fatal,killed,Other, , , ,Other / Undefined,Walking on Roadway Against Traffic,Unknown, , , 
-79.31689,43.821345,7527260,1281294,2012,"February 4, 2012",630,6,STEELES AVE E,BIRCHMOUNT RD, ,Major Arterial,43.821345,-79.31689,Intersection,At Intersection,Traffic Signal,Clear,Non-Fatal,non-fatal,Pedestrian,pedestrian,55 to 59,Major,severely injured,Other, , , ,Vehicle turns left while ped crosses with ROW at inter.,Crossing with right of way,Normal, , , 
-79.302287,43.689044,6614964,1228029,2011,"March 25, 2011",720,7,315 MAIN ST, , ,Minor Arterial,43.689044,-79.302287,Mid-Block, ,No Control,Clear,Non-Fatal,non-fatal,Pedestrian,pedestrian,45 to 49,Major,severely injured,Other, , , ,Pedestrian hit at mid-block,"Crossing, no Traffic Control",Normal, , , 
-79.357539,43.811907,80224656,4003469913,2014,"December 12, 2014",720,7,STEELES AVE E,TOWNSEND RD, ,Expressway,43.811907,-79.357539,Intersection,At Intersection,Traffic Signal,Clear,Non-Fatal,non-fatal,Pedestrian,pedestrian,30 to 34,Major,severely injured, , , , ,Vehicle is going straight thru inter.while ped cross with ROW,Crossing with right of way,Unknown, , , 
-79.565013,43.656016,80724181,6002116209,2016,"November 29, 2016",720,7,THE EAST MALL,RATHBURN RD,100 m North of,Minor Arterial,43.656016,-79.565013,Mid-Block,Non Intersection,No Control,Rain,Non-Fatal,non-fatal,Pedestrian,pedestrian,70 to 74,Major,severely injured, , , , ,Pedestrian hit at mid-block,"Crossing, no Traffic Control",Normal, , , 
-79.39569,43.642245,5250510,1109447,2009,"May 11, 2009",722,7,FRONT ST W,SPADINA AVE, ,Minor Arterial,43.642245,-79.39569,Mid-Block, ,No Control,Clear,Non-Fatal,non-fatal,Pedestrian,pedestrian,30 to 34,Major,severely injured,Other, , , ,Pedestrian hit at mid-block,Running onto Roadway,Other, , , 
-79.211139,43.81626,7533804,1338693,2012,"December 10, 2012",723,7,SEWELLS RD,MORNINGSIDE AVE, ,Minor Arterial,43.81626,-79.211139,Intersection,At Intersection,Traffic Signal,Rain,Non-Fatal,non-fatal,Pedestrian,pedestrian,75 to 79,Major,severely injured,Other, , , ,Vehicle turns right while ped crosses with ROW at inter.,Crossing with right of way,Normal, , , 
-79.373241,43.65372,80501887,6000381883,2016,"March 4, 2016",1411,14,JARVIS ST,QUEEN ST E, ,Major Arterial,43.65372,-79.373241,Intersection,Intersection Related,Traffic Signal,Clear,Fatal,fatal,Pedestrian,pedestrian,30 to 34,Fatal,killed, , , , ,Vehicle is going straight thru inter.while ped cross without ROW,Crossing without right of way,Medical or Physical Disability, , , 
-79.420062,43.73585,80937666,8000027630,2018,"January 5, 2018",1412,14,AVENUE RD,DUNBLAINE AVE, ,Major Arterial,43.73585,-79.420062,Intersection,At Intersection,Traffic Controller,Clear,Non-Fatal,non-fatal,Pedestrian,pedestrian,30 to 34,Major,severely injured, , , , ,Vehicle turns left while ped crosses with ROW at inter.,Crossing with right of way,Normal, , , 
-79.46651,43.682048,80717410,6001551246,2016,"September 1, 2016",1413,14,ROGERS RD,KANE AVE, ,Minor Arterial,43.682048,-79.46651,Intersection,Intersection Related,No Control,Clear,Non-Fatal,non-fatal,Cyclist,cyclist,60 to 64,Major,severely injured,Bicycle,Going Ahead, , , , , ,Cyclist turned left across motorists path.,Failed to Yield Right of Way,Normal
-79.444089,43.677745,7645392,1333336,2012,"December 31, 2012",1414,14,ST CLAIR AVE W,DUFFERIN ST, ,Major Arterial,43.677745,-79.444089,Mid-Block, ,No Control,Clear,Non-Fatal,non-fatal,Pedestrian,pedestrian,20 to 24,Major,severely injured,Other, , , ,Pedestrian involved in a collision with transit vehicle anywhere along roadway,"Crossing, no Traffic Control",Inattentive, , , 
-79.389987,43.669543,5331413,1025421,2008,"January 26, 2008",1415,14,79 BLOOR ST W, , ,Major Arterial,43.669543,-79.389987,Mid-Block, ,No Control,Clear,Non-Fatal,non-fatal,Pedestrian,pedestrian,75 to 79,Major,severely injured, , , , ,Pedestrian hit on sidewalk or shoulder,On Sidewalk or Shoulder,Normal, , , 
-79.34919,43.690545,6157223,1175069,2010,"June 26, 2010",1415,14,PAPE AVE,GAMBLE AVE, ,Major Arterial,43.690545,-79.34919,Intersection, ,No Control,Rain,Non-Fatal,non-fatal,Pedestrian,pedestrian,15 to 19,Major,severely injured,Other, , , ,Pedestrian hit at mid-block,Crossing without right of way,Inattentive, , , 
-79.38579,43.651045,6597284,1220073,2011,"January 6, 2011",1415,14,QUEEN ST W,YORK ST, ,Major Arterial,43.651045,-79.38579,Mid-Block, ,No Control,Snow,Non-Fatal,non-fatal,Pedestrian,pedestrian,20 to 24,Major,severely injured,Other, , , ,Pedestrian involved in a collision with transit vehicle anywhere along roadway,Walking on Roadway Against Traffic,"Ability Impaired, Alcohol", , , 
-79.502986,43.601245,7548473,1344412,2012,"October 12, 2012",1415,14,FIFTH Stre,LAKE SHORE Boul W, ,Major Arterial,43.601245,-79.502986,Intersection, ,Traffic Signal,Clear,Non-Fatal,non-fatal,Cyclist,cyclist,30 to 34,Major,severely injured,Bicycle,Going Ahead, , , , , ,Insufficient information (to determine cyclist crash type).,Other,Unknown