X,Y,Index_,ACCNUM,YEAR,DATE,TIME,Hour,STREET1,STREET2,OFFSET,ROAD_CLASS,LATITUDE,LONGITUDE,LOCCOORD,ACCLOC,TRAFFCTL,VISIBILITY,ACCLASS,LEVEL,INVTYPE,TYPE,INVAGE,INJURY,condition,VEHTYPE,MANOEUVER,DRIVACT,DRIVCOND,PEDTYPE,PEDACT,PEDCOND,CYCLISTYPE,CYCACT,CYCCOND
-79.35349,43.665245,5320671,1020344,2008,"January 29, 2008",1955,19,HAMILTON ST,GERRARD ST E, ,Minor Arterial,43.665245,-79.35349,Intersection, ,No Control,Rain,Non-Fatal,non-fatal,Pedestrian,pedestrian,65 to 69,Major,severely injured,Other, , , ,Vehicle turns left while ped crosses with ROW at inter.,Crossing with right of way,Normal, , , 
-79.48609,43.694645,6702824,1265838,2011,"September 19, 2011",1955,19,BLACK CREEK DR,TRETHEWEY DR, ,Major Arterial,43.694645,-79.48609,Intersection,At Intersection,Traffic Signal,Rain,Non-Fatal,non-fatal,Pedestrian,pedestrian,35 to 39,Major,severely injured,Other, , , ,Vehicle turns right while ped crosses with ROW at inter.,Crossing with right of way,Normal, , , 
-79.402095,43.663043,80207052,4001910374,2014,"April 8, 2014",1955,19,HARBORD ST,SPADINA AVE,25 m East of,Major Arterial,43.663043,-79.402095,Intersection,Non Intersection,No Control,Other,Non-Fatal,non-fatal,Cyclist,cyclist,20 to 24,Major,severely injured,Bicycle,Going Ahead, , , , , ,Cyclist struck opened vehicle door,Driving Properly,Normal
-79.544116,43.599227,80719031,6001650762,2016,"September 16, 2016",1955,19,BROWNS LINE,WOODBURY RD,12 m East of,Major Arterial,43.599227,-79.544116,Mid-Block,At Intersection,Pedestrian Crossover,Clear,Non-Fatal,non-fatal,Pedestrian,pedestrian,10 to 14,Major,severely injured, , , , ,Pedestrian hit a PXO/ped. Mid-block signal,Running onto Roadway,Inattentive, , , 
-79.418262,43.683093,5367500,1041784,2008,"May 9, 2008",1956,19,ST CLAIR AVE W,BATHURST ST, ,Major Arterial,43.683093,-79.418262,Intersection,At Intersection,Traffic Signal,Clear,Non-Fatal,non-fatal,Pedestrian,pedestrian,60 to 64,Major,severely injured, , , , ,Pedestrian involved in a collision with transit vehicle anywhere along roadway,Person Getting on/off Vehicle,Normal, , , 
-79.48249,43.728545,5420533,1064978,2008,"October 17, 2008",1956,19,KEELE ST,VICTORY DR, ,Major Arterial,43.728545,-79.48249,Intersection, ,No Control,Clear,Non-Fatal,non-fatal,Pedestrian,pedestrian,40 to 44,Major,severely injured,Other, , , ,Vehicle is going straight thru inter.while ped cross without ROW,"Crossing, no Traffic Control",Normal, , , 
-79.40219,43.647545,6599839,1221155,2011,"January 11, 2011",1956,19,QUEEN ST W,RYERSON AVE, ,Major Arterial,43.647545,-79.40219,Intersection, ,No Control,Snow,Non-Fatal,non-fatal,Pedestrian,pedestrian,55 to 59,Major,severely injured,Other, , , ,Pedestrian hit at mid-block,Person Getting on/off Vehicle,Normal, , , 
-79.465877,43.665415,80158372,4001952133,2014,"April 24, 2014",1956,19,MAVETY ST,DUNDAS ST W, ,Major Arterial,43.665415,-79.465877,Intersection,At Intersection,No Control,Clear,Non-Fatal,non-fatal,Cyclist,cyclist,35 to 39,Major,severely injured,Bicycle,Going Ahead, , , , , ,Cyclist struck opened vehicle door,Driving Properly,Normal
-79.262058,43.820048,80950662,8001679287,2018,"September 10, 2018",1957,19,MIDDLEFIELD RD,MCNICOLL AVE,1 m North of,Minor Arterial,43.820048,-79.262058,Intersection,At Intersection,Traffic Signal,Rain,Non-Fatal,non-fatal,Cyclist,cyclist,55 to 59,Major,severely injured,Bicycle,Going Ahead, , , , , ,"Cyclist without ROW rides into path of motorist at inter, lnwy, dwy-Cyclist not turn.",Disobeyed Traffic Control,Unknown
-79.40359,43.635945,6675314,1253771,2011,"September 13, 2011",1958,19,LAKE SHORE BLVD W,bastion  st, ,Major Arterial,43.635945,-79.40359,Intersection,At Intersection,Traffic Signal,Clear,Non-Fatal,non-fatal,Pedestrian,pedestrian,25 to 29,Major,severely injured,Other, , , ,Vehicle is going straight thru inter.while ped cross without ROW,Running onto Roadway,Unknown, , , 
-79.24679,43.755245,6679798,1255770,2011,"September 25, 2011",1958,19,LAWRENCE Ave E,VALPARAISO Ave, ,Major Arterial,43.755245,-79.24679,Intersection, ,No Control,Clear,Non-Fatal,non-fatal,Pedestrian,pedestrian,50 to 54,Major,severely injured,Other, , , ,Vehicle is going straight thru inter.while ped cross without ROW,"Crossing, no Traffic Control",Unknown, , , 
-79.45989,43.755345,7839650,1365311,2013,"July 11, 2013",1959,19,WILSON HEIGHTS BLVD,WATERLOO AVE, ,Collector,43.755345,-79.45989,Intersection,At Intersection,Traffic Signal,Clear,Non-Fatal,non-fatal,Pedestrian,pedestrian,25 to 29,Major,severely injured,Other, , , ,Vehicle turns left while ped crosses with ROW at inter.,Crossing with right of way,Normal, , , 
-79.31829,43.726145,5353055,1035404,2008,"April 28, 2008",2000,20,EGLINTON Aven E,CREDIT UNION Driv, ,Major Arterial,43.726145,-79.31829,Mid-Block,At Intersection,No Control,Clear,Non-Fatal,non-fatal,Pedestrian,pedestrian,75 to 79,Major,severely injured,Other, , , ,Pedestrian hit on sidewalk or shoulder,On Sidewalk or Shoulder,Normal, , , 
-79.59559,43.686745,6130852,1163512,2010,"March 22, 2010",2000,20,CARLINGVIEW Driv,DIXON Road, ,Major Arterial,43.686745,-79.59559,Intersection,At Intersection,Traffic Signal,Rain,Non-Fatal,non-fatal,Pedestrian,pedestrian,35 to 39,Major,severely injured,Other, , , ,Vehicle is going straight thru inter.while ped cross without ROW,Crossing without right of way,Unknown, , , 
-79.59559,43.686745,6130853,1163512,2010,"March 22, 2010",2000,20,CARLINGVIEW Driv,DIXON Road, ,Major Arterial,43.686745,-79.59559,Intersection,At Intersection,Traffic Signal,Rain,Non-Fatal,non-fatal,Pedestrian,pedestrian,35 to 39,Major,severely injured,Other, , , ,Vehicle is going straight thru inter.while ped cross without ROW,Crossing without right of way,Unknown, , , 
-79.51249,43.685545,6130932,1163538,2010,"March 23, 2010",2000,20,RICHVIEW Road,SCARLETT Road, ,Major Arterial,43.685545,-79.51249,Intersection,At Intersection,Stop Sign,Rain,Non-Fatal,non-fatal,Pedestrian,pedestrian,45 to 49,Major,severely injured,Other, , , ,Vehicle turns left while ped crosses with ROW at inter.,Crossing with right of way,Normal, , , 
-79.31409,43.685345,6189918,1188927,2010,"August 7, 2010",2000,20,DANFORTH AVE,MOBERLY AVE, ,Major Arterial,43.685345,-79.31409,Intersection, ,No Control,Clear,Non-Fatal,non-fatal,Cyclist,cyclist,20 to 24,Major,severely injured,Bicycle,Going Ahead, , , , , ,Motorist loses control and strikes cyclist.,Driving Properly,Normal
-79.22069,43.747145,6607203,1224587,2011,"March 20, 2011",2215,22,MARKHAM RD,DUNELM ST, ,Major Arterial,43.747145,-79.22069,Mid-Block, ,No Control,Clear,Non-Fatal,non-fatal,Pedestrian,pedestrian,85 to 89,Major,severely injured,Other, , , ,Pedestrian hit on sidewalk or shoulder,On Sidewalk or Shoulder,Medical or Physical Disability, , , 
-79.50099,43.691545,7394208,1285342,2012,"March 21, 2012",2215,22,JANE ST,NICKLE ST, ,Major Arterial,43.691545,-79.50099,Intersection, ,No Control,Clear,Fatal,fatal,Pedestrian,pedestrian,75 to 79,Fatal,killed,Other, , , ,Pedestrian hit at mid-block,"Crossing, no Traffic Control",Normal, , , 
-79.52889,43.687545,7794362,1345912,2013,"March 11, 2013",2215,22,CHAPMAN RD,ROYAL YORK RD, ,Minor Arterial,43.687545,-79.52889,Intersection, ,Stop Sign,Rain,Non-Fatal,non-fatal,Pedestrian,pedestrian,45 to 49,Major,severely injured,Other, , , ,Vehicle turns left while ped crosses without ROW at inter.,Crossing without right of way,Unknown, , , 
-79.367328,43.674296,80632254,6001779522,2016,"October 5, 2016",2215,22,BLOOR ST E,DRUMSNAB RD, ,Major Arterial,43.674296,-79.367328,Intersection,Intersection Related,No Control,Clear,Non-Fatal,non-fatal,Cyclist,cyclist,35 to 39,Major,severely injured,Bicycle,Going Ahead, , , , , ,Motorist turned left across cyclists path.,Driving Properly,Normal
-79.456859,43.723784,80780959,7001489368,2017,"August 17, 2017",2215,22,DUFFERIN ST,CARTWRIGHT  AVE, ,Major Arterial,43.723784,-79.456859,Intersection,At Intersection,No Control,Rain,Non-Fatal,non-fatal,Pedestrian,pedestrian,15 to 19,Major,severely injured, , , , ,Vehicle is going straight thru inter.while ped cross without ROW,"Crossing, no Traffic Control",Inattentive, , , 
-79.425449,43.642802,80921425,7001988112,2017,"November 2, 2017",2215,22,1172 QUEEN ST W, ,75 m East of,Major Arterial,43.642802,-79.425449,Mid-Block,Non Intersection,No Control,Rain,Non-Fatal,non-fatal,Pedestrian,pedestrian,30 to 34,Major,severely injured, , , , ,Pedestrian hit at mid-block,"Crossing, no Traffic Control",Had Been Drinking, , , 
-79.374393,43.656638,80781909,7001617319,2017,"September 6, 2017",2217,22,JARVIS ST,DUNDAS ST E,45 m South of,Major Arterial,43.656638,-79.374393,Mid-Block,Non Intersection,No Control,Clear,Non-Fatal,non-fatal,Pedestrian,pedestrian,25 to 29,Major,severely injured, , , , ,Pedestrian hit at mid-block,"Crossing, no Traffic Control",Had Been Drinking, , , 
-79.411929,43.64197,80781250,7001528578,2017,"August 23, 2017",2218,22,KING ST W,STRACHAN AVE, ,Major Arterial,43.64197,-79.411929,Intersection,At Intersection,Traffic Signal,Clear,Non-Fatal,non-fatal,Pedestrian,pedestrian,30 to 34,Major,severely injured, , , , ,Vehicle turns left while ped crosses with ROW at inter.,Crossing with right of way,Had Been Drinking, , , 
-79.39029,43.647845,5439334,1073493,2008,"November 8, 2008",2220,22,ADELAIDE ST W,JOHN ST, ,Major Arterial,43.647845,-79.39029,Intersection,At Intersection,Traffic Signal,Clear,Non-Fatal,non-fatal,Pedestrian,pedestrian,20 to 24,Major,severely injured,Other, , , ,Vehicle is going straight thru inter.while ped cross without ROW,Crossing without right of way,Inattentive, , , 
-79.38379,43.663045,5865460,1126214,2009,"September 22, 2009",2220,22,YONGE Stre,GROSVENOR Stre, ,Major Arterial,43.663045,-79.38379,Intersection,At Intersection,Traffic Signal,Clear,Non-Fatal,non-fatal,Pedestrian,pedestrian,30 to 34,Major,severely injured,Other, , , ,Vehicle is going straight thru inter.while ped cross without ROW,Other,Unknown, , , 
-79.400096,43.714938,80495479,5002176400,2015,"December 19, 2015",2220,22,YONGE ST,SHELDRAKE BLVD, ,Major Arterial,43.714938,-79.400096,Intersection,At Intersection,Stop Sign,Clear,Non-Fatal,non-fatal,Pedestrian,pedestrian,65 to 69,Major,severely injured, , , , ,Vehicle is going straight thru inter.while ped cross without ROW,Crossing without right of way,Inattentive, , , 
-79.320285,43.675257,80632387,6002166207,2016,"December 6, 2016",2220,22,GERRARD ST E,COXWELL AVE, ,Minor Arterial,43.675257,-79.320285,Intersection,At Intersection,Traffic Signal,Rain,Non-Fatal,non-fatal,Pedestrian,pedestrian,50 to 54,Major,severely injured, , , , ,Vehicle turns left while ped crosses with ROW at inter.,Crossing with right of way,Normal, , , 
-79.320262,43.675265,80915470,6002166208,2016,"December 6, 2016",2220,22,COXWELL AVE,GERRARD ST E, ,Minor Arterial,43.675265,-79.320262,Intersection,At Intersection,Traffic Signal,Rain,Non-Fatal,non-fatal,Pedestrian,pedestrian,50 to 54,Major,severely injured, , , , ,Vehicle turns left while ped crosses with ROW at inter.,Crossing with right of way,Normal, , , 
-79.400424,43.636313,80920780,8000599048,2018,"April 3, 2018",2220,22,FLEET  ST,BATHURST ST,80 m West of,Major Arterial,43.636313,-79.400424,Mid-Block,Non Intersection,No Control,Rain,Non-Fatal,non-fatal,Pedestrian,pedestrian,40 to 44,Major,severely injured, , , , ,Pedestrian involved in a collision with transit vehicle anywhere along roadway,"Crossing, no Traffic Control",Had Been Drinking, , , 
-79.390689,43.679843,7775216,1335553,2013,"January 15, 2013",1438,14,YONGE ST,MARLBOROUGH AVE, ,Major Arterial,43.679843,-79.390689,Intersection,At Intersection,Stop Sign,Clear,Fatal,fatal,Pedestrian,pedestrian,75 to 79,Fatal,killed, , , , ,Vehicle turns left while ped crosses without ROW at inter.,Crossing without right of way,Inattentive, , , 
-79.22169,43.809145,5057767,1141415,2009,"November 13, 2009",1439,14,NEILSON RD,MCLEVIN AVE, ,Minor Arterial,43.809145,-79.22169,Intersection,At Intersection,Traffic Signal,Clear,Non-Fatal,non-fatal,Pedestrian,pedestrian,75 to 79,Major,severely injured,Other, , , ,Vehicle turns left while ped crosses with ROW at inter.,Crossing with right of way,Normal, , , 
-79.30339,43.687845,6696021,1262837,2011,"November 4, 2011",1450,14,DANFORTH Aven,CHISHOLM Aven, ,Major Arterial,43.687845,-79.30339,Mid-Block,At Intersection,No Control,Clear,Non-Fatal,non-fatal,Pedestrian,pedestrian,70 to 74,Major,severely injured,Other, , , ,Pedestrian hit at mid-block,"Crossing, no Traffic Control",Normal, , , 
-79.396922,43.68751,3738222,977199,2013,"November 15, 2013",1440,14,64 ST CLAIR AVE W, , ,Major Arterial,43.68751,-79.396922,Mid-Block, ,No Control,Clear,Fatal,fatal,Pedestrian,pedestrian,80 to 84,Fatal,killed, , , , ,Pedestrian involved in a collision with transit vehicle anywhere along roadway,"Crossing, no Traffic Control",Inattentive, , , 
-79.49209,43.614845,5269699,1117940,2009,"July 13, 2009",1440,14,STANLEY AVE,QUEENS AVE, ,Local,43.614845,-79.49209,Mid-Block, ,No Control,Clear,Non-Fatal,non-fatal,Pedestrian,pedestrian,20 to 24,Major,severely injured,Other, , , ,Pedestrian hit at mid-block,Other,Normal, , , 
-79.39049,43.659845,5293333,1128125,2009,"September 1, 2009",1440,14,UNIVERSITY AVE,COLLEGE ST, ,Major Arterial,43.659845,-79.39049,Intersection,At Intersection,Traffic Signal,Clear,Non-Fatal,non-fatal,Cyclist,cyclist,45 to 49,Major,severely injured,Bicycle,Going Ahead, , , , , ,"Cyclist without ROW rides into path of motorist at inter, lnwy, dwy-Cyclist not turn.",Disobeyed Traffic Control,Inattentive
-79.47529,43.648845,6722739,1275736,2011,"November 24, 2011",1440,14,RUNNYMEDE RD,DEFOREST RD, ,Collector,43.648845,-79.47529,Intersection, ,Stop Sign,Clear,Non-Fatal,non-fatal,Cyclist,cyclist,55 to 59,Major,severely injured,Bicycle,Other, , , , , ,Cyclist and Driver travelling in same direction. One vehicle rear-ended the other.,Other,Normal
-79.34479,43.678945,7444320,1306648,2012,"June 18, 2012",1440,14,DANFORTH AVE,PAPE AVE, ,Major Arterial,43.678945,-79.34479,Intersection,At Intersection,Traffic Signal,Clear,Non-Fatal,non-fatal,Pedestrian,pedestrian,40 to 44,Major,severely injured,Other, , , ,Vehicle turns right while ped crosses with ROW at inter.,Crossing with right of way,Normal, , , 
-79.24329,43.715645,7471740,1318227,2012,"October 3, 2012",1440,14,2700 KINGSTON RD, , ,Major Arterial,43.715645,-79.24329,Intersection,At Intersection,Traffic Signal,"Fog, Mist, Smoke, Dust",Non-Fatal,non-fatal,Pedestrian,pedestrian,15 to 19,Major,severely injured,Other, , , ,Vehicle is going straight thru inter.while ped cross without ROW,Crossing without right of way,Inattentive, , , 
-79.37669,43.649345,7528258,1316027,2012,"September 6, 2012",1440,14,KING ST E,VICTORIA ST, ,Major Arterial,43.649345,-79.37669,Intersection,At Intersection,No Control,Clear,Non-Fatal,non-fatal,Cyclist,cyclist,20 to 24,Major,severely injured,Bicycle,Going Ahead, , , , , ,Motorist turned left across cyclists path.,Driving Properly,Normal
-79.503345,43.628176,80503710,6000584121,2016,"April 6, 2016",1440,14,ROYAL YORK  RD,SAUNDERS  CRES,3 m North of,Minor Arterial,43.628176,-79.503345,Intersection,Non Intersection,No Control,Clear,Non-Fatal,non-fatal,Pedestrian,pedestrian,45 to 49,Major,severely injured, ,Going Ahead, , ,Vehicle is going straight thru inter.while ped cross without ROW,Running onto Roadway,Normal, , , 
-79.290668,43.81116,80566658,6002208039,2016,"December 13, 2016",1440,14,MIDLAND AVE,KILCULLEN CASTLE GT, ,Major Arterial,43.81116,-79.290668,Mid-Block,Non Intersection,No Control,Clear,Fatal,fatal,Pedestrian,pedestrian,70 to 74,Fatal,killed, , , , ,Pedestrian hit at mid-block,"Crossing, no Traffic Control",Normal, , , 
-79.343982,43.670687,80942134,7000510048,2017,"March 22, 2017",1440,14,CARLAW AVE,RIVERDALE AVE, ,Minor Arterial,43.670687,-79.343982,Intersection,At Intersection,No Control,Clear,Non-Fatal,non-fatal,Pedestrian,pedestrian,60 to 64,Major,severely injured, , , , ,Vehicle is going straight thru inter.while ped cross with ROW,Crossing with right of way,Normal, , , 
-79.29169,43.827245,5429722,1069132,2008,"October 18, 2008",1500,15,STEELES AVE E,FENTON RD, ,Major Arterial,43.827245,-79.29169,Intersection,At Intersection,Traffic Signal,Clear,Non-Fatal,non-fatal,Cyclist,cyclist,65 to 69,Major,severely injured,Bicycle,Going Ahead, , , , , ,Motorist turning right on red at signalized intersection strikes cyclist.,Driving Properly,Normal
-79.28879,43.807045,5237952,1103903,2009,"May 12, 2009",1540,15,MIDLAND AVE,SOUTH SHIELDS AVE, ,Major Arterial,43.807045,-79.28879,Intersection,At Intersection,Traffic Signal,Clear,Non-Fatal,non-fatal,Pedestrian,pedestrian,20 to 24,Major,severely injured,Other,Other, , ,Vehicle turns left while ped crosses with ROW at inter.,Crossing with right of way,Normal, , , 
-79.521617,43.672438,80148199,4001342712,2014,"January 14, 2014",1518,15,3 BELL ROYAL CRT, , ,Local,43.672438,-79.521617,Mid-Block,At/Near Private Drive,No Control,Clear,Non-Fatal,non-fatal,Pedestrian,pedestrian,20 to 24,Major,severely injured, , , , ,Pedestrian hit at mid-block,Walking on Roadway with Traffic,Normal, , , 
-79.417888,43.727843,7808675,1351876,2013,"April 16, 2013",1450,14,AVENUE RD,FAIRLAWN AVE, ,Major Arterial,43.727843,-79.417888,Intersection, ,Traffic Signal,Clear,Fatal,fatal,Pedestrian,pedestrian,65 to 69,Fatal,killed, , , , ,Pedestrian hit at mid-block,"Crossing, no Traffic Control",Unknown, , , 
-79.25189,43.707945,5243318,1106309,2009,"April 30, 2009",1540,15,MCINTOSH ST,NATAL AVE, ,Collector,43.707945,-79.25189,Intersection,At Intersection,Stop Sign,Clear,Non-Fatal,non-fatal,Cyclist,cyclist,20 to 24,Major,severely injured,Bicycle,Turning Left, , , , , ,"Motorist without ROW drives into path of cyclist at inter, lnwy, dwy-Driver not turn.",Driving Properly,Normal
-79.44399,43.680145,7542094,1300754,2012,"April 30, 2012",1530,15,DUFFERIN ST,ASCOT AVE, ,Major Arterial,43.680145,-79.44399,Intersection,At Intersection,Traffic Signal,Rain,Non-Fatal,non-fatal,Pedestrian,pedestrian,20 to 24,Major,severely injured,Other, , , ,Vehicle turns left while ped crosses with ROW at inter.,Crossing with right of way,Normal, , , 
-79.50729,43.646445,5430300,1069392,2008,"October 21, 2008",1520,15,GRENVIEW BLVD S,MEADOWVALE DR, ,Local,43.646445,-79.50729,Intersection, ,No Control,Clear,Non-Fatal,non-fatal,Pedestrian,pedestrian,60 to 64,Major,severely injured,Other, , , ,Pedestrian hit on sidewalk or shoulder,On Sidewalk or Shoulder,Normal, , , 
-79.23299,43.779545,5862349,1125601,2009,"September 17, 2009",1520,15,MARKHAM Road,TUXEDO Cour, ,Major Arterial,43.779545,-79.23299,Intersection, ,Traffic Signal,Clear,Non-Fatal,non-fatal,Pedestrian,pedestrian,75 to 79,Major,severely injured,Other, , , ,Vehicle is going straight thru inter.while ped cross without ROW,Crossing without right of way,Normal, , , 
-79.51539,43.699845,6607156,1224559,2011,"March 24, 2011",1520,15,WESTON RD,BELLEVUE Cres, ,Minor Arterial,43.699845,-79.51539,Intersection,At Intersection,No Control,Clear,Non-Fatal,non-fatal,Pedestrian,pedestrian,30 to 34,Major,severely injured,Other, , , ,Pedestrian hit on sidewalk or shoulder,On Sidewalk or Shoulder,Normal, , , 
-79.383029,43.64659,80251325,5001652684,2015,"September 24, 2015",1520,15,WELLINGTON ST W,YORK ST,3 m East of,Minor Arterial,43.64659,-79.383029,Intersection,Non Intersection,Traffic Signal,Clear,Non-Fatal,non-fatal,Cyclist,cyclist,35 to 39,Major,severely injured,Bicycle,Going Ahead, , , , , ,Cyclist and Driver travelling in same direction. One vehicle sideswipes the other.,Driving Properly,Normal
-79.231899,43.7839,80251821,5001684106,2015,"September 29, 2015",1520,15,939 PROGRESS AVE, ,4 m North of,Minor Arterial,43.7839,-79.231899,Intersection,At Intersection,Traffic Signal,Rain,Non-Fatal,non-fatal,Cyclist,cyclist,15 to 19,Major,severely injured,Bicycle,Going Ahead, , , , , ,Motorist turned left across cyclists path.,Driving Properly,Normal
-79.488223,43.727904,80793625,8000090859,2018,"January 15, 2018",1520,15,23 IANHALL RD, , ,Local,43.727904,-79.488223,Mid-Block,Non Intersection,No Control,Snow,Fatal,fatal,Pedestrian,pedestrian,5 to 9,Fatal,killed, , , , ,Pedestrian hit at mid-block,Person Getting on/off Vehicle,Normal, , , 
-79.192188,43.764819,80950017,8001565696,2018,"August 24, 2018",1520,15,4331 KINGSTON RD,4325 KINGSTON RD,5 m South of,Major Arterial,43.764819,-79.192188,Mid-Block,Non Intersection,No Control,Clear,Non-Fatal,non-fatal,Pedestrian,pedestrian,20 to 24,Major,severely injured, , , , , , ,Other, , , 
-79.35459,43.677845,6151680,1172619,2010,"May 11, 2010",1521,15,18 HURNDALE AVE, , ,Local,43.677845,-79.35459,Mid-Block, ,No Control,Clear,Non-Fatal,non-fatal,Cyclist,cyclist,35 to 39,Major,severely injured,Bicycle,Going Ahead, , , , , ,Cyclist struck opened vehicle door,Driving Properly,Unknown
-79.50379,43.702845,7444800,1306826,2012,"June 19, 2012",1521,15,JANE ST,LAWRENCE AVE W, ,Major Arterial,43.702845,-79.50379,Intersection,At Intersection,Traffic Signal,Clear,Non-Fatal,non-fatal,Pedestrian,pedestrian,50 to 54,Major,severely injured,Other, , , ,Vehicle turns left while ped crosses with ROW at inter.,Crossing with right of way,Normal, , , 
-79.424747,43.796965,80000012,131031283,2013,"November 24, 2013",1521,15,100 STEELES AVE W, , ,Major Arterial,43.796965,-79.424747,Intersection, ,Traffic Signal,Clear,Fatal,fatal,Pedestrian,pedestrian,40 to 44,Fatal,killed, , , , ,Vehicle turns right while ped crosses with ROW at inter.,Crossing with right of way,Normal, , , 
-79.431087,43.680545,7515604,1322204,2012,"October 25, 2012",1522,15,ST CLAIR AVE W,HENDRICK AVE, ,Major Arterial,43.680545,-79.431087,Intersection, ,No Control,Clear,Non-Fatal,non-fatal,Pedestrian,pedestrian,30 to 34,Major,severely injured,Other, , , ,Pedestrian involved in a collision with transit vehicle anywhere along roadway,"Crossing, no Traffic Control",Unknown, , , 
-79.26099,43.709445,7465564,1315616,2012,"August 9, 2012",1523,15,285 RALEIGH AVE, , ,Collector,43.709445,-79.26099,Mid-Block, ,No Control,Rain,Non-Fatal,non-fatal,Pedestrian,pedestrian,50 to 54,Major,severely injured,Other, , , ,Vehicle is reversing and hits pedestrian,Other,Normal, , , 
-79.531894,43.715689,80247513,5001383996,2015,"August 12, 2015",1524,15,WILSON AVE,KELVIN AVE, ,Major Arterial,43.715689,-79.531894,Intersection,At Intersection,Stop Sign,Clear,Non-Fatal,non-fatal,Cyclist,cyclist,15 to 19,Major,severely injured,Bicycle,Going Ahead, , , , , ,"Cyclist without ROW rides into path of motorist at inter, lnwy, dwy-Cyclist not turn.",Failed to Yield Right of Way,Inattentive
-79.35769,43.655945,5241491,1105521,2009,"May 22, 2009",1525,15,KING Stre E,ASHBY Plac, ,Major Arterial,43.655945,-79.35769,Intersection, ,No Control,Clear,Non-Fatal,non-fatal,Pedestrian,pedestrian,45 to 49,Major,severely injured,Other,Other, , ,Vehicle is going straight thru inter.while ped cross without ROW,Walking on Roadway Against Traffic,Had Been Drinking, , , 
-79.53199,43.645245,7558571,1148504,2009,"December 22, 2009",1525,15,DUNDAS ST W,ROYALAVON CRES, ,Major Arterial,43.645245,-79.53199,Intersection,At Intersection,Traffic Signal,Clear,Non-Fatal,non-fatal,Pedestrian,pedestrian,20 to 24,Major,severely injured,Other, , , ,Vehicle is going straight thru inter.while ped cross with ROW,Crossing with right of way,Normal, , , 
-79.49649,43.619745,7831040,1361618,2013,"May 6, 2013",1530,15,PORTLAND ST,WESLEY ST, ,Collector,43.619745,-79.49649,Intersection,At Intersection,No Control,Clear,Non-Fatal,non-fatal,Pedestrian,pedestrian,20 to 24,Major,severely injured,Other, , , ,Vehicle is going straight thru inter.while ped cross without ROW,"Crossing, no Traffic Control",Inattentive, , , 
-79.303851,43.741286,80543543,6000970728,2016,"June 4, 2016",1525,15,PHARMACY AVE,JANET BLVD,37 m South of,Minor Arterial,43.741286,-79.303851,Mid-Block,Non Intersection,No Control,Clear,Non-Fatal,non-fatal,Pedestrian,pedestrian,25 to 29,Major,severely injured, , , , ,Pedestrian hit at mid-block,Running onto Roadway,Inattentive, , , 
-79.44159,43.755345,5282571,1123411,2009,"August 7, 2009",1540,15,HOVE ST,SHEPPARD AVE W, ,Local,43.755345,-79.44159,Mid-Block, ,No Control,Clear,Non-Fatal,non-fatal,Pedestrian,pedestrian,60 to 64,Major,severely injured,Other, , , ,Pedestrian hit at mid-block,"Crossing, no Traffic Control",Unknown, , , 
-79.382388,43.659644,7815053,1354707,2013,"May 4, 2013",1450,14,YONGE ST,GERRARD ST E, ,Major Arterial,43.659644,-79.382388,Mid-Block, ,No Control,Clear,Fatal,fatal,Pedestrian,pedestrian,20 to 24,Major,severely injured, , , , ,Pedestrian hit at mid-block,"Crossing, no Traffic Control",Medical or Physical Disability, , , 
-79.301685,43.722369,80000055,131219717,2013,"December 24, 2013",1500,15,VICTORIA PARK AVE,O CONNOR DR, ,Major Arterial,43.722369,-79.301685,Mid-Block, ,Stop Sign,Clear,Fatal,fatal,Pedestrian,pedestrian,70 to 74,Fatal,killed, , , , ,Pedestrian hit at mid-block,"Crossing, no Traffic Control",Unknown, , , 
-79.378192,43.643874,80161917,4002177658,2014,"May 29, 2014",1450,14,45 BAY ST, , ,Major Arterial,43.643874,-79.378192,Mid-Block,At/Near Private Drive,No Control,Clear,Non-Fatal,non-fatal,Pedestrian,pedestrian,25 to 29,Major,severely injured, , , , ,Pedestrian hit at mid-block,"Crossing, no Traffic Control",Inattentive, , , 
-79.48189,43.630845,5379921,1047294,2008,"June 17, 2008",1540,15,130 THE QUEENSWAY, , ,Major Arterial,43.630845,-79.48189,Mid-Block,At Intersection,No Control,Clear,Non-Fatal,non-fatal,Pedestrian,pedestrian,75 to 79,Major,severely injured,Other, , , ,Pedestrian hit at mid-block,"Crossing, no Traffic Control",Normal, , , 
-79.288791,43.80704,80229388,5000163823,2015,"January 28, 2015",1450,14,MIDLAND AVE,SILVER STAR BLVD, ,Major Arterial,43.80704,-79.288791,Intersection,At Intersection,Traffic Signal,Clear,Non-Fatal,non-fatal,Pedestrian,pedestrian,40 to 44,Major,severely injured, , , , ,Vehicle turns left while ped crosses with ROW at inter.,Crossing with right of way,Unknown, , , 
-79.51369,43.635545,5400626,1056442,2008,"August 3, 2008",1540,15,68 NORSEMAN ST, , ,Collector,43.635545,-79.51369,Mid-Block, ,No Control,Clear,Non-Fatal,non-fatal,Cyclist,cyclist,20 to 24,Major,severely injured,Bicycle,Going Ahead, , , , , ,Cyclist strikes a parked vehicle.,Other,Inattentive