X,Y,Index_,ACCNUM,YEAR,DATE,TIME,Hour,STREET1,STREET2,OFFSET,ROAD_CLASS,LATITUDE,LONGITUDE,LOCCOORD,ACCLOC,TRAFFCTL,VISIBILITY,ACCLASS,LEVEL,INVTYPE,TYPE,INVAGE,INJURY,condition,VEHTYPE,MANOEUVER,DRIVACT,DRIVCOND,PEDTYPE,PEDACT,PEDCOND,CYCLISTYPE,CYCACT,CYCCOND
-79.499591,43.753844,7858870,1373498,2013,"September 3, 2013",800,8,SENTINEL RD,LAMBERTON BLVD, ,Collector,43.753844,-79.499591,Intersection,At Intersection,Stop Sign,Clear,Fatal,fatal,Pedestrian,pedestrian,10 to 14,Fatal,killed, , , , ,Vehicle turns left while ped crosses with ROW at inter.,Crossing with right of way,Normal, , , 
-79.334277,43.666098,80943473,8000880741,2018,"May 16, 2018",800,8,JONES AVE,DUNDAS ST E, ,Minor Arterial,43.666098,-79.334277,Intersection,At Intersection,Traffic Signal,Clear,Fatal,fatal,Cyclist,cyclist,50 to 54,Fatal,killed,Bicycle,Going Ahead, , , , , ,Motorist turning right on green or amber at signalized intersection strikes cyclist.,Driving Properly,Normal
-79.31689,43.821345,7412070,1292918,2012,"May 7, 2012",801,8,STEELES AVE E,BIRCHMOUNT RD, ,Major Arterial,43.821345,-79.31689,Intersection,At Intersection,Traffic Signal,Clear,Fatal,fatal,Pedestrian,pedestrian,30 to 34,Fatal,killed,Other, , , ,Vehicle is going straight thru inter.while ped cross with ROW,Crossing with right of way,Normal, , , 
-79.294254,43.801741,80780346,7001424903,2017,"August 8, 2017",801,8,MILLIKEN BLVD,FINCH  AVE E, ,Major Arterial,43.801741,-79.294254,Intersection,At Intersection,Traffic Signal,Clear,Non-Fatal,non-fatal,Pedestrian,pedestrian,75 to 79,Major,severely injured, , , , ,Vehicle turns left while ped crosses with ROW at inter.,Crossing with right of way,Normal, , , 
-79.538822,43.603141,81074283,8000723660,2018,"April 23, 2018",801,8,HORNER AVE.,BETA STREET,25 m West of,Minor Arterial,43.603141,-79.538822,Mid-Block,Non Intersection,No Control,Clear,Non-Fatal,non-fatal,Pedestrian,pedestrian,20 to 24,Major,severely injured, , , , , , ,Inattentive, , , 
-79.29729,43.825945,6696764,1263204,2011,"August 25, 2011",803,8,MIDLAND AVE,STEELES AVE E, ,Major Arterial,43.825945,-79.29729,Intersection,At Intersection,Traffic Signal,Clear,Non-Fatal,non-fatal,Pedestrian,pedestrian,45 to 49,Major,severely injured,Other, , , ,Vehicle turns right while ped crosses with ROW at inter.,Crossing with right of way,Normal, , , 
-79.22069,43.808645,5212696,1092623,2009,"March 4, 2009",804,8,NEILSON Rd,MCLEVIN Ave, ,Minor Arterial,43.808645,-79.22069,Mid-Block,At Intersection,No Control,Clear,Non-Fatal,non-fatal,Pedestrian,pedestrian,75 to 79,Major,severely injured,Other, , , ,Pedestrian hit at mid-block,"Crossing, no Traffic Control",Normal, , , 
-79.49539,43.649645,5356631,1036978,2008,"April 21, 2008",805,8,BLOOR ST W,OLD MILL TER, ,Major Arterial,43.649645,-79.49539,Intersection, ,Traffic Signal,Clear,Non-Fatal,non-fatal,Cyclist,cyclist,20 to 24,Major,severely injured,Bicycle,Going Ahead, , , , , ,Motorist turning right on green or amber at signalized intersection strikes cyclist.,Other,Normal
-79.49899,43.697345,5404091,1057892,2008,"September 10, 2008",806,8,TRETHEWEY DR,TEDDER ST, ,Minor Arterial,43.697345,-79.49899,Intersection,At Intersection,No Control,Clear,Fatal,fatal,Cyclist,cyclist,50 to 54,Fatal,killed,Bicycle, , , , , , ,Motorist turned left across cyclists path.,Driving Properly,Normal
-79.273853,43.730773,80972183,8001794335,2018,"September 28, 2018",806,8,EGLINTON AVE E,ROSEMOUNT DR, ,Major Arterial,43.730773,-79.273853,Intersection,At Intersection,Traffic Signal,Clear,Non-Fatal,non-fatal,Pedestrian,pedestrian,25 to 29,Major,severely injured, , , , ,Vehicle is going straight thru inter.while ped cross without ROW,Crossing without right of way,Inattentive, , , 
-79.42249,43.720845,6683664,1257517,2011,"October 5, 2011",829,8,LAWRENCE Aven W,LEDBURY Stre, ,Major Arterial,43.720845,-79.42249,Intersection, ,Traffic Signal,Clear,Non-Fatal,non-fatal,Pedestrian,pedestrian,40 to 44,Major,severely injured,Other, , , ,Vehicle turns left while ped crosses without ROW at inter.,Crossing without right of way,Inattentive, , , 
-79.58289,43.744945,6097819,1147870,2010,"January 15, 2010",655,6,KIPLING AVE,STEVENSON RD, ,Major Arterial,43.744945,-79.58289,Mid-Block, ,No Control,Clear,Non-Fatal,non-fatal,Pedestrian,pedestrian,75 to 79,Major,severely injured,Other, , , ,Pedestrian hit at mid-block,"Crossing, no Traffic Control",Unknown, , , 
-79.39019,43.708445,6098472,1148390,2010,"January 18, 2010",655,6,MOUNT PLEASANT RD,EGLINTON AVE E, ,Major Arterial,43.708445,-79.39019,Intersection,At Intersection,Traffic Signal,Clear,Fatal,fatal,Pedestrian,pedestrian,60 to 64,Fatal,killed,Other, , , ,Pedestrian involved in a collision with transit vehicle anywhere along roadway,Crossing with right of way,Normal, , , 
-79.54339,43.770945,7773873,1334701,2013,"January 9, 2013",655,6,STEELES AVE W,SIGNET DR, ,Major Arterial,43.770945,-79.54339,Intersection,At Intersection,Traffic Signal,Clear,Non-Fatal,non-fatal,Pedestrian,pedestrian,45 to 49,Major,severely injured,Other, , , ,Pedestrian involved in a collision with transit vehicle anywhere along roadway,Crossing with right of way,Normal, , , 
-79.542362,43.752082,80494400,5002094213,2015,"December 7, 2015",655,6,FINCH AVE W,WESTON RD, ,Major Arterial,43.752082,-79.542362,Intersection,At Intersection,Traffic Signal,Clear,Non-Fatal,non-fatal,Pedestrian,pedestrian,35 to 39,Major,severely injured, , , , ,Vehicle is going straight thru inter.while ped cross without ROW,Crossing without right of way,Inattentive, , , 
-79.450549,43.691016,80542826,6001088034,2016,"June 22, 2016",655,6,DYNEVOR RD,KIRKNEWTON RD, ,Local,43.691016,-79.450549,Mid-Block,Non Intersection,No Control,Clear,Fatal,fatal,Pedestrian,pedestrian,65 to 69,Fatal,killed, , , , ,Pedestrian hit at mid-block,Other,Normal, , , 
-79.483386,43.678744,6599986,1221211,2011,"January 13, 2011",656,6,HUMBER BLVD,ALLIANCE AVE, ,Collector,43.678744,-79.483386,Mid-Block, ,Pedestrian Crossover,Clear,Non-Fatal,non-fatal,Pedestrian,pedestrian,30 to 34,Major,severely injured,Other, , , ,Pedestrian hit a PXO/ped. Mid-block signal,"Crossing, Pedestrian Crossover",Normal, , , 
-79.287105,43.691493,7873297,1379733,2013,"July 24, 2013",657,6,DANFORTH Ave,THORA Ave, ,Major Arterial,43.691493,-79.287105,Intersection, ,No Control,Clear,Non-Fatal,non-fatal,Cyclist,cyclist,25 to 29,Major,severely injured,Bicycle,Going Ahead, , , , , ,"Motorist turns right at non-signal Inter.(stop, yield, no cont.,and dwy) and strikes cyclist.",Other,Normal
-79.40419,43.647645,6666209,1249833,2011,"August 17, 2011",658,6,BATHURST ST,WILLIS ST, ,Major Arterial,43.647645,-79.40419,Intersection, ,No Control,Clear,Non-Fatal,non-fatal,Pedestrian,pedestrian,30 to 34,Major,severely injured,Other, , , ,Vehicle is going straight thru inter.while ped cross without ROW,Running onto Roadway,Other, , , 
-79.44849,43.691345,6098826,1148773,2010,"January 20, 2010",700,7,DUFFERIN ST,PRESTON RD, ,Major Arterial,43.691345,-79.44849,Mid-Block,At Intersection,No Control,Clear,Fatal,fatal,Pedestrian,pedestrian,50 to 54,Fatal,killed,Other, , , ,Pedestrian hit at mid-block,Running onto Roadway,Unknown, , , 
-79.36809,43.664445,7530158,1331761,2012,"December 18, 2012",700,7,CARLTON ST,PARLIAMENT ST, ,Minor Arterial,43.664445,-79.36809,Intersection,At Intersection,Traffic Signal,Clear,Non-Fatal,non-fatal,Pedestrian,pedestrian,45 to 49,Major,severely injured,Other, , , ,Vehicle turns left while ped crosses with ROW at inter.,Crossing with right of way,Unknown, , , 
-79.266422,43.728591,80154698,4001715026,2014,"March 17, 2014",700,7,711 KENNEDY RD, , ,Major Arterial,43.728591,-79.266422,Mid-Block,Non Intersection,No Control,Clear,Non-Fatal,non-fatal,Pedestrian,pedestrian,80 to 84,Major,severely injured, , , , ,Pedestrian hit at mid-block,"Crossing, no Traffic Control",Unknown, , , 
-79.445743,43.792399,80174909,4002952213,2014,"September 21, 2014",700,7,STEELES AVE W,BATHURST ST, ,Major Arterial,43.792399,-79.445743,Intersection,At Intersection,Traffic Signal,Rain,Non-Fatal,non-fatal,Pedestrian,pedestrian,40 to 44,Major,severely injured, , , , ,Vehicle is going straight thru inter.while ped cross with ROW,Crossing with right of way,Normal, , , 
-79.30598,43.798983,80247232,5001362618,2015,"August 9, 2015",700,7,FINCH AVE E,BIRCHMOUNT RD, ,Major Arterial,43.798983,-79.30598,Intersection,At Intersection,Traffic Signal,Clear,Non-Fatal,non-fatal,Pedestrian,pedestrian,70 to 74,Major,severely injured, , , , ,Vehicle turns right while ped crosses with ROW at inter.,Crossing with right of way,Normal, , , 
-79.52325,43.698107,80709508,3000777885,2013,"December 3, 2013",700,7,SCARLETT RD,LAWRENCE AVE W,234 m South of,Major Arterial,43.698107,-79.52325,Intersection,At Intersection,Traffic Signal,Clear,Non-Fatal,non-fatal,Pedestrian,pedestrian,10 to 14,Major,severely injured, , , , ,Vehicle is going straight thru inter.while ped cross without ROW,Crossing without right of way,Inattentive, , , 
-79.542667,43.753264,80943405,7003148024,2017,"December 7, 2017",700,7,WESTON RD,TORYORK  DR, ,Major Arterial,43.753264,-79.542667,Intersection,At Intersection,Traffic Signal,Clear,Non-Fatal,non-fatal,Pedestrian,pedestrian,15 to 19,Major,severely injured, , , , ,Vehicle is going straight thru inter.while ped cross with ROW,Crossing with right of way,Normal, , , 
-79.46309,43.673745,5304056,1133805,2009,"October 6, 2009",701,7,OLD WESTON RD,ST CLAIR AVE W, ,Major Arterial,43.673745,-79.46309,Mid-Block, ,No Control,Clear,Non-Fatal,non-fatal,Pedestrian,pedestrian,65 to 69,Major,severely injured,Other, , , ,Pedestrian involved in a collision with transit vehicle anywhere along roadway,Running onto Roadway,Inattentive, , , 
-79.61029,43.749345,5440607,1074035,2008,"December 4, 2008",701,7,HIGHWAY 27  S,ALBION RD, ,Major Arterial,43.749345,-79.61029,Mid-Block, ,No Control,Clear,Non-Fatal,non-fatal,Pedestrian,pedestrian,15 to 19,Major,severely injured,Other, , , ,Pedestrian hit at mid-block,"Crossing, no Traffic Control",Normal, , , 
-79.368091,43.664443,7503406,1331648,2012,"December 18, 2012",701,7,CARLTON ST,PARLIAMENT ST, ,Minor Arterial,43.664443,-79.368091,Intersection,At Intersection, ,Other,Non-Fatal,non-fatal,Pedestrian,pedestrian,55 to 59,Major,severely injured,Other,Other, , , , , , , , 
-79.368091,43.664443,7503407,1331648,2012,"December 18, 2012",701,7,CARLTON ST,PARLIAMENT ST, ,Minor Arterial,43.664443,-79.368091,Intersection,At Intersection, ,Other,Non-Fatal,non-fatal,Pedestrian,pedestrian,45 to 49,Major,severely injured,Other,Other, , , , , , , , 
-79.189586,43.767646,7836252,1363874,2013,"May 15, 2013",701,7,KINGSTON RD,LAWRENCE AVE E, ,Major Arterial,43.767646,-79.189586,Intersection,At Intersection,Traffic Signal,Rain,Non-Fatal,non-fatal,Pedestrian,pedestrian,75 to 79,Major,severely injured,Other, , , ,Vehicle is going straight thru inter.while ped cross without ROW,Crossing without right of way,Normal, , , 
-79.432521,43.652568,80771308,7001007745,2017,"June 7, 2017",701,7,COLLEGE ST,DUFFERIN ST, ,Major Arterial,43.652568,-79.432521,Intersection,Intersection Related,Traffic Signal,Clear,Non-Fatal,non-fatal,Cyclist,cyclist,65 to 69,Major,severely injured,Bicycle,Going Ahead, , , , , ,Motorist turned left across cyclists path.,Driving Properly,Normal
-79.258067,43.752963,7879486,1382346,2013,"October 21, 2013",702,7,RUSHLEY DR,LAWRENCE AVE E, ,Major Arterial,43.752963,-79.258067,Intersection, ,No Control,Rain,Non-Fatal,non-fatal,Cyclist,cyclist,30 to 34,Major,severely injured,Bicycle,Going Ahead, , , , , ,Motorist turned left across cyclists path.,Driving Properly,Normal
-79.48739,43.744645,7559771,1321562,2012,"October 22, 2012",704,7,SHEPPARD AVE W,KEELE ST, ,Major Arterial,43.744645,-79.48739,Mid-Block, ,No Control,Clear,Non-Fatal,non-fatal,Pedestrian,pedestrian,45 to 49,Major,severely injured,Other, , , ,Pedestrian hit at mid-block,"Crossing, no Traffic Control",Had Been Drinking, , , 
-79.441814,43.668147,7855255,1371962,2013,"August 23, 2013",705,7,1245 DUPONT ST, , ,Major Arterial,43.668147,-79.441814,Mid-Block, ,No Control,Clear,Non-Fatal,non-fatal,Cyclist,cyclist,15 to 19,Major,severely injured,Bicycle,Other, , , , , ,"Cyclist without ROW rides into path of motorist at inter, lnwy, dwy-Cyclist not turn.",Failed to Yield Right of Way,Normal
-79.390941,43.674994,80725840,6002279905,2016,"December 25, 2016",705,7,55 BELMONT ST, , ,Minor Arterial,43.674994,-79.390941,Mid-Block,Non Intersection,No Control,Clear,Non-Fatal,non-fatal,Pedestrian,pedestrian,65 to 69,Major,severely injured, , , , ,Pedestrian hit at mid-block,"Crossing, no Traffic Control",Inattentive, , , 
-79.370654,43.670878,80901284,7003147948,2017,"December 7, 2017",705,7,PARLIAMENT ST,HOWARD ST,37 m South of,Minor Arterial,43.670878,-79.370654,Mid-Block,Non Intersection,No Control,Clear,Non-Fatal,non-fatal,Pedestrian,pedestrian,40 to 44,Major,severely injured, , , , ,Pedestrian hit at mid-block,"Crossing, no Traffic Control",Inattentive, , , 
-79.49679,43.723345,5451792,1079597,2008,"December 4, 2008",706,7,WILSON AVE,LEXFIELD AVE, ,Major Arterial,43.723345,-79.49679,Intersection, ,No Control,Clear,Non-Fatal,non-fatal,Pedestrian,pedestrian,40 to 44,Major,severely injured,Other, , , ,Vehicle is going straight thru inter.while ped cross without ROW,Running onto Roadway,Normal, , , 
-79.519672,43.765898,6806528,1270884,2011,"December 21, 2011",706,7,JANE ST,DRIFTWOOD AVE, ,Major Arterial,43.765898,-79.519672,Intersection,At Intersection,Traffic Signal,Rain,Fatal,fatal,Pedestrian,pedestrian,25 to 29,Fatal,killed,Other, , , ,Vehicle turns left while ped crosses with ROW at inter.,Crossing with right of way,Normal, , , 
-79.25419,43.779545,5420911,1065141,2008,"October 19, 2008",850,8,MCCOWAN RD,401 C E MCCOWAN RD RAMP, ,Expressway,43.779545,-79.25419,Intersection,At Intersection,Traffic Signal,Clear,Non-Fatal,non-fatal,Pedestrian,pedestrian,60 to 64,Major,severely injured,Other, , , ,Other / Undefined,Pushing/Working on Vehicle,Unknown, , , 
-79.55969,43.641045,5402157,1057099,2008,"September 8, 2008",859,8,VALHALLA INN RD,427 C N VALHALLA INN RAMP, ,Collector,43.641045,-79.55969,Mid-Block, ,No Control,Clear,Non-Fatal,non-fatal,Pedestrian,pedestrian,20 to 24,Major,severely injured,Other, , , ,Pedestrian hit at mid-block,Running onto Roadway,Inattentive, , , 
-79.31299,43.751445,6255155,1201223,2010,"October 18, 2010",859,8,VICTORIA PARK AVE,ROWENA DR, ,Major Arterial,43.751445,-79.31299,Intersection,At Intersection,Traffic Signal,Clear,Non-Fatal,non-fatal,Pedestrian,pedestrian,15 to 19,Major,severely injured,Other, , , ,Vehicle is going straight thru inter.while ped cross without ROW,Crossing without right of way,Inattentive, , , 
-79.30059,43.719745,7439775,1304816,2012,"May 30, 2012",900,9,VICTORIA PARK AVE,SUNRISE AVE, ,Major Arterial,43.719745,-79.30059,Intersection,At Intersection,Traffic Signal,Clear,Non-Fatal,non-fatal,Pedestrian,pedestrian,60 to 64,Major,severely injured,Other, , , ,Vehicle turns left while ped crosses with ROW at inter.,Crossing with right of way,Normal, , , 
-79.28509,43.683345,7842618,1366519,2013,"June 3, 2013",900,9,VICTORIA PARK AVE,WOODALE AVE, ,Minor Arterial,43.683345,-79.28509,Intersection, ,No Control,Clear,Non-Fatal,non-fatal,Pedestrian,pedestrian,15 to 19,Major,severely injured,Other, , , ,Vehicle is going straight thru inter.while ped cross without ROW,"Crossing, no Traffic Control",Normal, , , 
-79.47159,43.682145,7860897,1374340,2013,"June 27, 2013",900,9,KEELE St,ROGERS Rd, ,Major Arterial,43.682145,-79.47159,Intersection,At Intersection,Traffic Signal,Clear,Non-Fatal,non-fatal,Pedestrian,pedestrian,75 to 79,Major,severely injured,Other, , , ,Vehicle turns right while ped crosses with ROW at inter.,Crossing with right of way,Unknown, , , 
-79.389766,43.658202,80143893,3000935041,2013,"November 7, 2013",900,9,610 UNIVERSITY AVE, , ,Major Arterial,43.658202,-79.389766,Mid-Block,Non Intersection,No Control,Clear,Non-Fatal,non-fatal,Pedestrian,pedestrian,55 to 59,Major,severely injured, , , , ,Pedestrian hit at mid-block,"Crossing, no Traffic Control",Normal, , , 
-79.419688,43.734122,80241903,5001021761,2015,"June 16, 2015",900,9,AVENUE RD,FELBRIGG AVE, ,Major Arterial,43.734122,-79.419688,Intersection,At Intersection,No Control,Clear,Non-Fatal,non-fatal,Pedestrian,pedestrian,35 to 39,Major,severely injured, , , , ,Vehicle turns left while ped crosses with ROW at inter.,Crossing with right of way,Normal, , , 
-79.341571,43.664771,80776452,7000906394,2017,"May 23, 2017",900,9,DUNDAS ST E,CARLAW AVE, ,Minor Arterial,43.664771,-79.341571,Intersection,At Intersection,Traffic Signal,Clear,Non-Fatal,non-fatal,Cyclist,cyclist,20 to 24,Major,severely injured,Bicycle,Going Ahead, , , , , ,"Cyclist without ROW rides into path of motorist at inter, lnwy, dwy-Cyclist not turn.",Disobeyed Traffic Control,Unknown
-79.241718,43.774333,80777175,7000960688,2017,"May 31, 2017",900,9,ELLESMERE RD,BELLAMY RD N, ,Major Arterial,43.774333,-79.241718,Intersection,At Intersection,Traffic Signal,Clear,Non-Fatal,non-fatal,Pedestrian,pedestrian,20 to 24,Major,severely injured, , , , ,Pedestrian hit on sidewalk or shoulder,On Sidewalk or Shoulder,Normal, , , 
-79.413989,43.773707,80787361,7002034653,2017,"November 10, 2017",900,9,YONGE ST,CHURCH AVE, ,Major Arterial,43.773707,-79.413989,Intersection,At Intersection,Traffic Signal,Clear,Non-Fatal,non-fatal,Pedestrian,pedestrian,65 to 69,Major,severely injured, , , , ,Pedestrian hit on sidewalk or shoulder,On Sidewalk or Shoulder,Normal, , , 
-79.394641,43.658881,80916051,7000825036,2017,"May 10, 2017",900,9,COLLEGE  ST,HENRY ST, ,Major Arterial,43.658881,-79.394641,Intersection,At Intersection,No Control,Clear,Non-Fatal,non-fatal,Cyclist,cyclist,25 to 29,Major,severely injured,Bicycle,Going Ahead, , , , , ,Motorist turned left across cyclists path.,Driving Properly,Normal
-79.422397,43.673976,80972829,8001781427,2018,"September 26, 2018",900,9,MELITA AV,CHRISTIE ST, ,Minor Arterial,43.673976,-79.422397,Intersection,At Intersection,Stop Sign,Clear,Non-Fatal,non-fatal,Cyclist,cyclist,20 to 24,Major,severely injured,Bicycle,Going Ahead, , , , , , ,Speed too Fast For Condition,Normal
-79.300037,43.825247,80984564,8002149511,2018,"November 22, 2018",900,9,STEELES AVE E,SILVER STAR BLVD,3 m  of,Major Arterial,43.825247,-79.300037,Intersection,At Intersection,Traffic Signal,Clear,Non-Fatal,non-fatal,Cyclist,cyclist,65 to 69,Major,severely injured,Bicycle,Going Ahead, , , , , ,Motorist turned left across cyclists path.,Driving Properly,Normal
-79.352275,43.793151,80503035,6000530490,2016,"March 29, 2016",901,9,FINCH AVE E,SKYMARK DR, ,Major Arterial,43.793151,-79.352275,Intersection,Intersection Related,Traffic Signal,Clear,Fatal,fatal,Pedestrian,pedestrian,75 to 79,Fatal,killed, , , , ,Vehicle turns left while ped crosses without ROW at inter.,"Crossing, no Traffic Control",Normal, , , 
-79.40789,43.685345,5378237,1046604,2008,"June 12, 2008",902,9,ST CLAIR AVE W,RUSSELL HILL RD, ,Major Arterial,43.685345,-79.40789,Intersection,At Intersection,Police Control,Clear,Non-Fatal,non-fatal,Pedestrian,pedestrian,35 to 39,Major,severely injured,Other, , , ,Other / Undefined,Playing or Working on Highway,Normal, , , 
-79.27009,43.737445,6194868,1191013,2010,"September 23, 2010",902,9,KENNEDY Road,BERTRAND Aven, ,Major Arterial,43.737445,-79.27009,Intersection,At Intersection,Traffic Signal,Clear,Non-Fatal,non-fatal,Cyclist,cyclist,50 to 54,Major,severely injured,Bicycle,Turning Left, , , , , ,"Motorist without ROW drives into path of cyclist at inter, lnwy, dwy-Driver not turn.",Driving Properly,Normal
-79.33849,43.693845,6661295,1247766,2011,"August 5, 2011",902,9,GREENWOOD AVE,PLAINS RD, ,Collector,43.693845,-79.33849,Intersection,At Intersection,Stop Sign,Clear,Fatal,fatal,Cyclist,cyclist,80 to 84,Fatal,killed,Bicycle,Going Ahead, , , , , ,"Motorist without ROW drives into path of cyclist at inter, lnwy, dwy-Driver not turn.",Driving Properly,Normal
-79.262767,43.808814,7895502,1388613,2013,"November 3, 2013",902,9,SANDHURST CRCL,FINCH AVE E, ,Major Arterial,43.808814,-79.262767,Intersection, ,Traffic Signal,Clear,Non-Fatal,non-fatal,Pedestrian,pedestrian,5 to 9,Major,severely injured,Other, , , ,Vehicle turns left while ped crosses with ROW at inter.,Crossing with right of way,Normal, , , 
-79.278529,43.785277,80632217,6001699155,2016,"September 24, 2016",903,9,MIDLAND AVE,SHEPPARD AVE E, ,Major Arterial,43.785277,-79.278529,Intersection,At Intersection,Traffic Signal,Clear,Non-Fatal,non-fatal,Cyclist,cyclist,10 to 14,Major,severely injured,Bicycle,Going Ahead, , , , , ,Motorist turned left across cyclists path.,Other,Inattentive
-79.352275,43.793151,80546834,6001466377,2016,"August 19, 2016",904,9,FINCH AVE E,SKYMARK DR, ,Major Arterial,43.793151,-79.352275,Intersection,Intersection Related,Traffic Signal,Clear,Fatal,fatal,Pedestrian,pedestrian,80 to 84,Fatal,killed, , , , ,Pedestrian hit at mid-block,"Crossing, no Traffic Control",Other, , , 
-79.60309,43.651545,6174541,1182546,2010,"June 29, 2010",830,8,EGLINTON AVE W,SATELLITE DR, ,Major Arterial,43.651545,-79.60309,Intersection,At Intersection,Traffic Signal,Clear,Non-Fatal,non-fatal,Pedestrian,pedestrian,20 to 24,Major,severely injured,Other, , , ,Vehicle turns left while ped crosses with ROW at inter.,Crossing with right of way,Normal, , , 
-79.43039,43.646845,6591899,1216997,2011,"February 8, 2011",830,8,DUFFERIN ST,GORDON ST, ,Minor Arterial,43.646845,-79.43039,Intersection,At Intersection,No Control,Clear,Non-Fatal,non-fatal,Pedestrian,pedestrian,10 to 14,Major,severely injured,Other, , , ,Vehicle is going straight thru inter.while ped cross without ROW,Running onto Roadway,Inattentive, , , 
-79.43769,43.752345,6805654,1259697,2011,"September 28, 2011",830,8,BATHURST Stre,REINER Road, ,Major Arterial,43.752345,-79.43769,Intersection,At Intersection,Stop Sign,Clear,Non-Fatal,non-fatal,Pedestrian,pedestrian,80 to 84,Major,severely injured,Other, , , ,Vehicle turns right while ped crosses with ROW at inter.,Crossing with right of way,Normal, , , 
-79.17729,43.775745,7459825,1313188,2012,"July 30, 2012",830,8,443 MANSE RD, , ,Other,43.775745,-79.17729,Mid-Block, ,No Control,Clear,Non-Fatal,non-fatal,Pedestrian,pedestrian,80 to 84,Major,severely injured,Other, , , ,Vehicle is reversing and hits pedestrian,Other,Unknown, , , 
-79.37704,43.771262,80241812,5001016196,2015,"June 17, 2015",830,8,ARROWSTOOK RD,BURBANK DR, ,Local,43.771262,-79.37704,Intersection,At Intersection,Stop Sign,Clear,Non-Fatal,non-fatal,Cyclist,cyclist,60 to 64,Major,severely injured,Bicycle,Going Ahead, , , , , ,"Cyclist without ROW rides into path of motorist at inter, lnwy, dwy-Cyclist not turn.",Failed to Yield Right of Way,Inattentive
-79.450061,43.648932,80257196,5002035175,2015,"November 27, 2015",830,8,RONCESVALLES AVE,GRENADIER RD,5 m North of,Minor Arterial,43.648932,-79.450061,Intersection,Non Intersection,No Control,Clear,Non-Fatal,non-fatal,Cyclist,cyclist,15 to 19,Major,severely injured,Bicycle,Going Ahead, , , , , ,Cyclist and Driver travelling in same direction. One vehicle sideswipes the other.,Driving Properly,Normal
-79.264446,43.724085,80784028,7001798069,2017,"October 4, 2017",830,8,KENNEDY RD,FOXRIDGE DR, ,Major Arterial,43.724085,-79.264446,Intersection,At Intersection,No Control,Clear,Non-Fatal,non-fatal,Cyclist,cyclist,30 to 34,Major,severely injured,Bicycle,Going Ahead, , , , , ,Motorist turned left across cyclists path.,Driving Properly,Normal
-79.519954,43.701183,80972455,8001223082,2018,"July 5, 2018",830,8,WESTON RD,KING ST,60 m East of,Minor Arterial,43.701183,-79.519954,Mid-Block,Non Intersection,No Control,Clear,Non-Fatal,non-fatal,Pedestrian,pedestrian,30 to 34,Major,severely injured, , , , , , ,Normal, , , 
-79.519954,43.701183,80972456,8001223082,2018,"July 5, 2018",830,8,WESTON RD,KING ST,60 m East of,Minor Arterial,43.701183,-79.519954,Mid-Block,Non Intersection,No Control,Clear,Non-Fatal,non-fatal,Pedestrian,pedestrian,30 to 34,Major,severely injured, , , , , , ,Normal, , , 
-79.37719,43.711045,6107998,1153339,2010,"February 17, 2010",833,8,BAYVIEW AVE,EGLINTON AVE E, ,Major Arterial,43.711045,-79.37719,Intersection,At Intersection,Traffic Signal,Snow,Non-Fatal,non-fatal,Pedestrian,pedestrian,50 to 54,Major,severely injured,Other, , , ,Vehicle is going straight thru inter.while ped cross with ROW,Crossing with right of way,Normal, , , 
-79.37719,43.711045,6107999,1153339,2010,"February 17, 2010",833,8,BAYVIEW AVE,EGLINTON AVE E, ,Major Arterial,43.711045,-79.37719,Intersection,At Intersection,Traffic Signal,Snow,Non-Fatal,non-fatal,Pedestrian,pedestrian,60 to 64,Major,severely injured,Other, , , ,Vehicle is going straight thru inter.while ped cross with ROW,Crossing with right of way,Normal, , , 
-79.310153,43.758959,80930346,7001917146,2017,"October 23, 2017",833,8,ELLESMERE RD,PHARMACY AVE, ,Major Arterial,43.758959,-79.310153,Intersection,At Intersection,Traffic Signal,Clear,Non-Fatal,non-fatal,Pedestrian,pedestrian,60 to 64,Major,severely injured, , , , ,Pedestrian hit on sidewalk or shoulder,On Sidewalk or Shoulder,Normal, , , 
-79.50149,43.741445,6278848,1155683,2010,"January 23, 2010",834,8,SHEPPARD AVE W,ARLETA AVE, ,Major Arterial,43.741445,-79.50149,Intersection,At Intersection,Traffic Signal,Clear,Non-Fatal,non-fatal,Pedestrian,pedestrian,60 to 64,Major,severely injured,Other, , , ,Vehicle turns left while ped crosses with ROW at inter.,Crossing with right of way,Normal, , , 
-79.38299,43.646545,5253658,1110888,2009,"June 11, 2009",835,8,WELLINGTON ST W,YORK ST, ,Minor Arterial,43.646545,-79.38299,Intersection,At Intersection,Traffic Signal,Clear,Non-Fatal,non-fatal,Cyclist,cyclist,40 to 44,Major,severely injured,Bicycle,Slowing or Stopping, , , , , ,Cyclist and Driver travelling in same direction. One vehicle sideswipes the other.,Lost control,Normal
-79.41139,43.760545,7542519,1322361,2012,"October 26, 2012",835,8,BOGERT AVE,BEECROFT RD, ,Local,43.760545,-79.41139,Mid-Block, ,No Control,Clear,Non-Fatal,non-fatal,Pedestrian,pedestrian,45 to 49,Major,severely injured,Other, , , ,Pedestrian hit at mid-block,Person Getting on/off School Bus,Normal, , , 