X,Y,Index_,ACCNUM,YEAR,DATE,TIME,Hour,STREET1,STREET2,OFFSET,ROAD_CLASS,LATITUDE,LONGITUDE,LOCCOORD,ACCLOC,TRAFFCTL,VISIBILITY,ACCLASS,LEVEL,INVTYPE,TYPE,INVAGE,INJURY,condition,VEHTYPE,MANOEUVER,DRIVACT,DRIVCOND,PEDTYPE,PEDACT,PEDCOND,CYCLISTYPE,CYCACT,CYCCOND
-79.230312,43.795584,80503698,6000581980,2016,"April 6, 2016",835,8,SHEPPARD AVE E,GATEFORTH DR,15 m West of,Major Arterial,43.795584,-79.230312,Intersection,Intersection Related,Traffic Signal,Clear,Non-Fatal,non-fatal,Pedestrian,pedestrian,10 to 14,Major,severely injured, , , , ,Vehicle is going straight thru inter.while ped cross without ROW,Crossing without right of way,Normal, , , 
-79.29729,43.825945,7848166,1368851,2013,"June 11, 2013",836,8,STEELES AVE E,MIDLAND AVE, ,Major Arterial,43.825945,-79.29729,Intersection,At Intersection,Traffic Signal,Clear,Non-Fatal,non-fatal,Cyclist,cyclist,60 to 64,Major,severely injured,Bicycle,Turning Left, , , , , ,"Motorist without ROW drives into path of cyclist at inter, lnwy, dwy-Driver not turn.",Driving Properly,Normal
-79.262767,43.808814,7890997,1387019,2013,"September 18, 2013",837,8,FINCH AVE E,SANDHURST CRCL, ,Major Arterial,43.808814,-79.262767,Intersection, ,Traffic Signal,Clear,Non-Fatal,non-fatal,Pedestrian,pedestrian,70 to 74,Major,severely injured,Other, , , ,Vehicle turns left while ped crosses with ROW at inter.,Crossing with right of way,Normal, , , 
-79.382777,43.642623,80161720,4002168339,2014,"May 28, 2014",837,8,BREMNER BLVD,GRAND TRUNK CRES, ,Minor Arterial,43.642623,-79.382777,Intersection,Non Intersection,No Control,Clear,Non-Fatal,non-fatal,Cyclist,cyclist,50 to 54,Major,severely injured,Bicycle,Going Ahead, , , , , ,Cyclist and Driver travelling in same direction. One vehicle rear-ended the other.,Driving Properly,Normal
-79.390285,43.647845,80562727,6001000870,2016,"June 9, 2016",837,8,ADELAIDE ST W,JOHN ST, ,Major Arterial,43.647845,-79.390285,Intersection,Intersection Related,Traffic Signal,Clear,Non-Fatal,non-fatal,Cyclist,cyclist,35 to 39,Major,severely injured,Bicycle,Going Ahead, , , , , ,Motorist turning right on green or amber at signalized intersection strikes cyclist.,Driving Properly,Normal
-79.31229,43.797445,6128805,1162587,2010,"March 16, 2010",838,8,FINCH Aven E,BRIDLETOWNE Circ, ,Major Arterial,43.797445,-79.31229,Intersection,At Intersection,Traffic Signal,Clear,Non-Fatal,non-fatal,Pedestrian,pedestrian,50 to 54,Major,severely injured,Other, , , ,Vehicle turns left while ped crosses with ROW at inter.,Crossing with right of way,Normal, , , 
-79.369815,43.645556,80632145,6001511108,2016,"August 26, 2016",850,8,LOWER JARVIS ST,LAKE SHORE BLVD E, ,Expressway,43.645556,-79.369815,Intersection,At Intersection,Traffic Signal,Clear,Non-Fatal,non-fatal,Pedestrian,pedestrian,20 to 24,Major,severely injured, , , , ,Pedestrian hit on sidewalk or shoulder,On Sidewalk or Shoulder,Normal, , , 
-79.37909,43.645945,7515521,1321368,2012,"September 17, 2012",851,8,BAY St,FRONT St W, ,Major Arterial,43.645945,-79.37909,Intersection,At Intersection,Traffic Signal,Clear,Non-Fatal,non-fatal,Cyclist,cyclist,25 to 29,Major,severely injured,Bicycle,Going Ahead, , , , , ,Cyclist and Driver travelling in same direction. One vehicle sideswipes the other.,Driving Properly,Normal
-79.45619,43.713745,5219335,1095501,2009,"March 20, 2009",852,8,LAWRENCE AVE W,GOOD SHEPHERD CRT, ,Major Arterial,43.713745,-79.45619,Mid-Block, ,No Control,Clear,Non-Fatal,non-fatal,Pedestrian,pedestrian,70 to 74,Major,severely injured,Other, , , ,Pedestrian hit at mid-block,"Crossing, no Traffic Control",Normal, , , 
-79.42829,43.674745,7791138,1344579,2013,"January 19, 2013",852,8,DAVENPORT RD,SHAW ST, ,Minor Arterial,43.674745,-79.42829,Intersection,At Intersection,Pedestrian Crossover,Clear,Non-Fatal,non-fatal,Cyclist,cyclist,25 to 29,Major,severely injured,Bicycle,Going Ahead, , , , , ,Motorist turned left across cyclists path.,Driving Properly,Normal
-79.40269,43.643945,5384788,1049415,2008,"June 12, 2008",853,8,KING Stre W,BATHURST Stre, ,Major Arterial,43.643945,-79.40269,Intersection,At Intersection,Traffic Signal,Clear,Non-Fatal,non-fatal,Cyclist,cyclist,40 to 44,Major,severely injured,Bicycle,Going Ahead, , , , , ,Cyclist and Driver travelling in same direction. One vehicle sideswipes the other.,Lost control,Normal
-79.32439,43.819645,6712121,1269733,2011,"October 9, 2011",853,8,STEELES Aven E,WARDEN Aven, ,Major Arterial,43.819645,-79.32439,Intersection,At Intersection,Traffic Signal,Clear,Non-Fatal,non-fatal,Pedestrian,pedestrian,40 to 44,Major,severely injured,Other, , , ,Vehicle turns left while ped crosses with ROW at inter.,Running onto Roadway,Unknown, , , 
-79.42979,43.719245,7483184,1322994,2012,"September 24, 2012",853,8,LAWRENCE AVE W,BATHURST ST, ,Major Arterial,43.719245,-79.42979,Intersection,At Intersection,Traffic Signal,Clear,Non-Fatal,non-fatal,Pedestrian,pedestrian,25 to 29,Major,severely injured,Other, , , ,Pedestrian hit at mid-block,"Crossing, no Traffic Control",Normal, , , 
-79.431415,43.649577,80775114,7000591252,2017,"April 4, 2017",853,8,DUFFERIN ST,DUNDAS ST W, ,Minor Arterial,43.649577,-79.431415,Intersection,At Intersection,Traffic Signal,Rain,Non-Fatal,non-fatal,Pedestrian,pedestrian,65 to 69,Major,severely injured, , , , ,Vehicle turns left while ped crosses with ROW at inter.,Crossing with right of way,Normal, , , 
-79.529735,43.647547,80935602,7003173302,2017,"December 11, 2017",854,8,4975 DUNDAS ST W, ,92 m East of,Major Arterial,43.647547,-79.529735,Mid-Block,At/Near Private Drive,No Control,Clear,Non-Fatal,non-fatal,Pedestrian,pedestrian,70 to 74,Major,severely injured, , , , ,Pedestrian hit at private driveway,"Crossing, no Traffic Control",Normal, , , 
-79.404063,43.657199,6712713,1269972,2011,"October 17, 2011",855,8,COLLEGE ST,BRUNSWICK AVE, ,Major Arterial,43.657199,-79.404063,Intersection,At Intersection,Stop Sign,Clear,Non-Fatal,non-fatal,Pedestrian,pedestrian,80 to 84,Major,severely injured,Other, , , ,Vehicle turns left while ped crosses with ROW at inter.,"Crossing, no Traffic Control",Normal, , , 
-79.40559,43.688045,7790030,1344095,2013,"January 16, 2013",855,8,DUNVEGAN RD,HEATH ST W, ,Collector,43.688045,-79.40559,Intersection,At Intersection,Stop Sign,Clear,Non-Fatal,non-fatal,Pedestrian,pedestrian,65 to 69,Major,severely injured,Other, , , ,Vehicle turns left while ped crosses with ROW at inter.,Crossing with right of way,Normal, , , 
-79.388194,43.657805,7888497,1386112,2013,"October 7, 2013",855,8,GERRARD ST W,UNIVERSITY AVE, ,Minor Arterial,43.657805,-79.388194,Mid-Block, ,No Control,Clear,Non-Fatal,non-fatal,Pedestrian,pedestrian,15 to 19,Major,severely injured,Other, , , ,Pedestrian hit at mid-block,Running onto Roadway,Inattentive, , , 
-79.349849,43.658866,80172812,4002811941,2014,"August 31, 2014",855,8,BROADVIEW AVE,QUEEN ST E, ,Major Arterial,43.658866,-79.349849,Intersection,At Intersection,Traffic Signal,Clear,Non-Fatal,non-fatal,Pedestrian,pedestrian,65 to 69,Major,severely injured, , , , ,Vehicle turns left while ped crosses with ROW at inter.,Crossing with right of way,Normal, , , 
-79.4444,43.681273,80563012,6001054585,2016,"June 17, 2016",855,8,DUFFERIN ST,CLOVERLAWN AVE, ,Major Arterial,43.681273,-79.4444,Intersection,Intersection Related,No Control,Clear,Non-Fatal,non-fatal,Pedestrian,pedestrian,75 to 79,Major,severely injured, , , , ,Vehicle turns left while ped crosses with ROW at inter.,Crossing with right of way,Normal, , , 
-79.34249,43.657645,5865340,1123824,2009,"August 11, 2009",856,8,EASTERN AVE,BOOTH AVE, ,Major Arterial,43.657645,-79.34249,Intersection,At Intersection,Stop Sign,Clear,Non-Fatal,non-fatal,Pedestrian,pedestrian,20 to 24,Major,severely injured,Other, , , ,Vehicle is going straight thru inter.while ped cross without ROW,Crossing without right of way,Inattentive, , , 
-79.434772,43.637435,80502199,6000436156,2016,"March 13, 2016",856,8,KING ST W,CLOSE AVE,18 m West of,Major Arterial,43.637435,-79.434772,Mid-Block,Non Intersection,No Control,Clear,Non-Fatal,non-fatal,Pedestrian,pedestrian,85 to 89,Major,severely injured, , , , ,Vehicle is reversing and hits pedestrian,Other,Normal, , , 
-79.39639,43.726345,6214132,1199249,2010,"November 3, 2010",858,8,MOUNT PLEASANT RD,LAWRENCE AVE E, ,Major Arterial,43.726345,-79.39639,Intersection,At Intersection,Traffic Signal,Clear,Non-Fatal,non-fatal,Pedestrian,pedestrian,20 to 24,Major,severely injured,Other, , , ,Vehicle turns left while ped crosses with ROW at inter.,Crossing with right of way,Normal, , , 
-79.27789,43.729945,7478087,1320816,2012,"September 15, 2012",858,8,EGLINTON AVE E,BIRCHMOUNT RD, ,Major Arterial,43.729945,-79.27789,Intersection,At Intersection,Traffic Signal,Clear,Non-Fatal,non-fatal,Pedestrian,pedestrian,70 to 74,Major,severely injured,Other, , , ,Vehicle turns left while ped crosses with ROW at inter.,Crossing with right of way,Normal, , , 
-79.37879,43.749745,5213308,1092879,2009,"February 5, 2009",905,9,YORK MILLS RD,HARRISON RD, ,Major Arterial,43.749745,-79.37879,Intersection,At Intersection,Traffic Signal,Clear,Non-Fatal,non-fatal,Pedestrian,pedestrian,20 to 24,Major,severely injured,Other, , , ,Vehicle turns left while ped crosses with ROW at inter.,Crossing with right of way,Normal, , , 
-79.36689,43.654245,5332461,1025897,2008,"February 20, 2008",905,9,ONTARIO ST,RICHMOND ST E, ,Local,43.654245,-79.36689,Mid-Block,At Intersection,No Control,Clear,Non-Fatal,non-fatal,Pedestrian,pedestrian,25 to 29,Major,severely injured,Other, , , ,Vehicle is reversing and hits pedestrian,"Crossing, no Traffic Control",Normal, , , 
-79.38659,43.650845,6209550,1197349,2010,"July 29, 2010",905,9,UNIVERSITY AVE,QUEEN ST W, ,Major Arterial,43.650845,-79.38659,Intersection,At Intersection,Traffic Signal,Clear,Non-Fatal,non-fatal,Cyclist,cyclist,35 to 39,Major,severely injured,Bicycle,Going Ahead, , , , , ,"Motorist without ROW drives into path of cyclist at inter, lnwy, dwy-Driver not turn.",Disobeyed Traffic Control,Inattentive
-79.336421,43.816786,80774688,7000578380,2017,"April 2, 2017",905,9,PHARMACY AVE,STEELES AVE E, ,Major Arterial,43.816786,-79.336421,Intersection,At Intersection,Traffic Signal,Clear,Non-Fatal,non-fatal,Pedestrian,pedestrian,60 to 64,Major,severely injured, , , , ,Vehicle turns left while ped crosses with ROW at inter.,Crossing with right of way,Normal, , , 
-79.24805,43.736624,80775800,7000501226,2017,"March 21, 2017",905,9,EGLINTON AVE E,BRIMLEY RD, ,Major Arterial,43.736624,-79.24805,Intersection,At Intersection,Traffic Signal,Clear,Non-Fatal,non-fatal,Pedestrian,pedestrian,75 to 79,Major,severely injured, , , , ,Vehicle turns left while ped crosses with ROW at inter.,Crossing with right of way,Normal, , , 
-79.409839,43.757266,80944875,8001078053,2018,"June 14, 2018",905,9,CAMERON  AVE,YONGE ST, ,Expressway,43.757266,-79.409839,Intersection,At Intersection,Stop Sign,Clear,Non-Fatal,non-fatal,Pedestrian,pedestrian,45 to 49,Major,severely injured, , , , ,Vehicle turns right while ped crosses with ROW at inter.,Crossing with right of way,Normal, , , 
-79.431827,43.63795,80784510,7001855401,2017,"October 18, 2017",906,9,COWAN AVE,KING  ST W, ,Major Arterial,43.63795,-79.431827,Intersection,At Intersection,Stop Sign,Clear,Fatal,fatal,Cyclist,cyclist,35 to 39,Fatal,killed,Bicycle,Going Ahead, , , , , ,"Motorist without ROW drives into path of cyclist at inter, lnwy, dwy-Driver not turn.",Driving Properly,Normal
-79.475353,43.648688,80924378,8000479172,2018,"March 16, 2018",907,9,RUNNYMEDE RD,DEFOREST  RD, ,Collector,43.648688,-79.475353,Intersection,At Intersection,Stop Sign,Clear,Non-Fatal,non-fatal,Pedestrian,pedestrian,70 to 74,Major,severely injured, , , , ,Vehicle turns left while ped crosses with ROW at inter.,Crossing with right of way,Normal, , , 
-79.262294,43.692973,80973146,8001891156,2018,"October 13, 2018",907,9,BIRCHMOUNT RD,KINGSTON RD, ,Major Arterial,43.692973,-79.262294,Intersection,At Intersection,Traffic Signal,Clear,Non-Fatal,non-fatal,Pedestrian,pedestrian,65 to 69,Major,severely injured, , , , ,Vehicle turns left while ped crosses without ROW at inter.,Crossing without right of way,Normal, , , 
-79.36299,43.660145,6170350,1180878,2010,"June 8, 2010",908,9,DUNDAS ST E,SACKVILLE ST, ,Major Arterial,43.660145,-79.36299,Intersection, ,No Control,Clear,Non-Fatal,non-fatal,Cyclist,cyclist,40 to 44,Major,severely injured,Bicycle,Going Ahead, , , , , ,Cyclist and Driver travelling in same direction. One vehicle sideswipes the other.,Driving Properly,Normal
-79.22419,43.804445,6617069,1228956,2011,"February 20, 2011",908,9,TAPSCOTT RD,WASHBURN WAY, ,Minor Arterial,43.804445,-79.22419,Intersection, ,Traffic Signal,Clear,Non-Fatal,non-fatal,Pedestrian,pedestrian,45 to 49,Major,severely injured,Other, , , ,Vehicle turns left while ped crosses with ROW at inter.,Crossing with right of way,Normal, , , 
-79.49949,43.666945,5371850,1043747,2008,"June 18, 2008",909,9,SCARLETT RD,BERNICE CRES, ,Minor Arterial,43.666945,-79.49949,Intersection,At Intersection,Pedestrian Crossover,Clear,Fatal,fatal,Pedestrian,pedestrian,85 to 89,Fatal,killed,Other, , , ,Pedestrian hit a PXO/ped. Mid-block signal,"Crossing, Pedestrian Crossover",Normal, , , 
-79.38647,43.698161,80225642,4003538995,2014,"December 23, 2014",1638,16,MOUNT PLEASANT RD,MERTON ST, ,Major Arterial,43.698161,-79.38647,Intersection,At Intersection,Traffic Signal,Rain,Non-Fatal,non-fatal,Pedestrian,pedestrian,70 to 74,Major,severely injured, , , , ,Vehicle turns left while ped crosses with ROW at inter.,Crossing with right of way,Normal, , , 
-79.440891,43.765391,80793691,8000324266,2018,"February 20, 2018",1645,16,BATHURST ST,ELLERSLIE AVE, ,Major Arterial,43.765391,-79.440891,Intersection,At Intersection,Traffic Signal,Rain,Fatal,fatal,Pedestrian,pedestrian,65 to 69,Fatal,killed, , , , ,Vehicle turns left while ped crosses with ROW at inter.,Crossing with right of way,Normal, , , 
-79.37999,43.648045,5861897,1098055,2009,"March 14, 2009",1707,17,BAY ST,WELLINGTON ST W, ,Major Arterial,43.648045,-79.37999,Mid-Block, ,No Control,Clear,Non-Fatal,non-fatal,Pedestrian,pedestrian,15 to 19,Major,severely injured,Other, , , ,Pedestrian hit at mid-block,"Crossing, no Traffic Control",Normal, , , 
-79.55779,43.767945,5041301,1132688,2009,"October 23, 2009",1708,17,STEELES AVE W,TURBINE DR, ,Major Arterial,43.767945,-79.55779,Intersection,At Intersection,No Control,Rain,Non-Fatal,non-fatal,Pedestrian,pedestrian,35 to 39,Major,severely injured,Other, , , ,Vehicle is going straight thru inter.while ped cross without ROW,"Crossing, no Traffic Control",Normal, , , 
-79.46439,43.664945,5792457,1109820,2009,"June 17, 2009",1708,17,KEELE ST,DUNDAS ST W, ,Major Arterial,43.664945,-79.46439,Mid-Block, ,No Control,Rain,Fatal,fatal,Pedestrian,pedestrian,85 to 89,Fatal,killed,Other, , , ,Pedestrian hit at mid-block,Other,Normal, , , 
-79.504077,43.600909,80950559,8001685122,2018,"September 11, 2018",1708,17,LAKE SHORE BLVD W,SIXTH ST, ,Major Arterial,43.600909,-79.504077,Intersection,Non Intersection,No Control,Clear,Fatal,fatal,Pedestrian,pedestrian,70 to 74,Fatal,killed,Other, , , ,Vehicle is going straight thru inter.while ped cross without ROW,"Crossing, no Traffic Control",Inattentive, , , 
-79.323375,43.811564,80900384,7003103184,2017,"November 30, 2017",1709,17,WARDEN  AVE,BAMBURGH  CRCL, ,Major Arterial,43.811564,-79.323375,Intersection,At Intersection,Traffic Signal,Rain,Non-Fatal,non-fatal,Cyclist,cyclist,60 to 64,Major,severely injured,Bicycle,Going Ahead, , , , , ,Motorist turned left across cyclists path.,Disobeyed Traffic Control,Inattentive
-79.387485,43.647013,80631982,5001784292,2015,"October 16, 2015",1627,16,KING ST W,ED MIRVISH WAY,35 m East of,Major Arterial,43.647013,-79.387485,Mid-Block,Non Intersection,No Control,Clear,Non-Fatal,non-fatal,Pedestrian,pedestrian,65 to 69,Major,severely injured, , , , ,Pedestrian hit at mid-block,"Crossing, no Traffic Control",Inattentive, , , 
-79.35889,43.676145,6237035,1208896,2010,"December 21, 2010",1639,16,DANFORTH Ave,BROADVIEW Ave, ,Major Arterial,43.676145,-79.35889,Mid-Block, ,No Control,Clear,Non-Fatal,non-fatal,Cyclist,cyclist,55 to 59,Major,severely injured,Bicycle,Going Ahead, , , , , ,Cyclist and Driver travelling in same direction. One vehicle rear-ended the other.,Driving Properly,Normal
-79.407451,43.782489,80146401,3001061187,2013,"November 29, 2013",1545,15,WILLOWDALE AVE,PEMBERTON AVE, ,Minor Arterial,43.782489,-79.407451,Intersection,At Intersection,No Control,Clear,Non-Fatal,non-fatal,Pedestrian,pedestrian,10 to 14,Major,severely injured, , , , ,Vehicle is going straight thru inter.while ped cross without ROW,"Crossing, no Traffic Control",Unknown, , , 
-79.410907,43.651297,7852189,1370609,2013,"August 15, 2013",1612,16,DUNDAS ST W,MANNING AVE, ,Major Arterial,43.651297,-79.410907,Intersection, ,Traffic Signal,Clear,Non-Fatal,non-fatal,Cyclist,cyclist,50 to 54,Major,severely injured,Bicycle,Stopped, , , , , ,Cyclist and Driver travelling in same direction. One vehicle rear-ended the other.,Driving Properly,Normal
-79.409107,43.765769,5220721,1096124,2009,"March 2, 2009",1628,16,130 DORIS Ave, , ,Minor Arterial,43.765769,-79.409107,Intersection, ,Pedestrian Crossover,Clear,Non-Fatal,non-fatal,Pedestrian,pedestrian,35 to 39,Major,severely injured,Other, , , ,Pedestrian hit a PXO/ped. Mid-block signal,"Crossing, Pedestrian Crossover",Normal, , , 
-79.380862,43.641421,80154458,4001700272,2014,"March 14, 2014",1545,15,YORK ST,YORK ST GARDINER W  RAMP, ,Expressway,43.641421,-79.380862,Intersection,At Intersection,Traffic Signal,Clear,Non-Fatal,non-fatal,Pedestrian,pedestrian,55 to 59,Major,severely injured, , , , ,Vehicle turns right while ped crosses with ROW at inter.,Crossing with right of way,Normal, , , 
-79.39359,43.792245,5250037,1109235,2009,"June 9, 2009",1613,16,CUMMER Aven,BAYVIEW Aven, ,Major Arterial,43.792245,-79.39359,Intersection,At Intersection,Traffic Signal,Clear,Non-Fatal,non-fatal,Pedestrian,pedestrian,60 to 64,Major,severely injured,Other, , , ,Vehicle is going straight thru inter.while ped cross without ROW,Crossing without right of way,Inattentive, , , 
-79.28949,43.785745,6596805,1219857,2011,"January 5, 2011",1639,16,KENNEDY RD,CARDWELL AVE, ,Major Arterial,43.785745,-79.28949,Intersection,At Intersection,Traffic Signal,Clear,Non-Fatal,non-fatal,Pedestrian,pedestrian,75 to 79,Major,severely injured,Other, , , ,Vehicle turns right while ped crosses without ROW at inter.,Crossing without right of way,Normal, , , 
-79.35139,43.662445,6674468,1253390,2011,"September 11, 2011",1556,15,DUNDAS ST E,BROADVIEW AVE, ,Major Arterial,43.662445,-79.35139,Intersection,At Intersection,Traffic Signal,Clear,Non-Fatal,non-fatal,Cyclist,cyclist,40 to 44,Major,severely injured,Bicycle,Going Ahead, , , , , ,"Motorist without ROW drives into path of cyclist at inter, lnwy, dwy-Driver not turn.",Driving Properly,Normal
-79.238353,43.738841,80200382,4001311712,2014,"January 9, 2014",1545,15,MCCOWAN RD,EGLINTON AVE E,2 m North of,Major Arterial,43.738841,-79.238353,Intersection,Intersection Related,No Control,Clear,Non-Fatal,non-fatal,Pedestrian,pedestrian,40 to 44,Major,severely injured, , , , ,Unknown,Other,Unknown, , , 
-79.34059,43.679745,6668798,1250894,2011,"July 15, 2011",1655,16,DANFORTH Ave,LANGFORD Ave, ,Major Arterial,43.679745,-79.34059,Intersection, ,No Control,Clear,Non-Fatal,non-fatal,Cyclist,cyclist,50 to 54,Major,severely injured,Bicycle,Going Ahead, , , , , ,Cyclist struck opened vehicle door,Driving Properly,Normal
-79.35039,43.677745,5355427,1036453,2008,"April 10, 2008",1646,16,437 DANFORTH Ave, , ,Major Arterial,43.677745,-79.35039,Mid-Block, ,No Control,Clear,Non-Fatal,non-fatal,Pedestrian,pedestrian,45 to 49,Major,severely injured,Other, , , ,Pedestrian hit at mid-block,Running onto Roadway,Had Been Drinking, , , 
-79.14229,43.801445,6703691,1266196,2011,"November 25, 2011",1556,15,KINGSTON Road,RASPBERRY Road, ,Major Arterial,43.801445,-79.14229,Intersection,At Intersection,No Control,Clear,Non-Fatal,non-fatal,Cyclist,cyclist,50 to 54,Major,severely injured,Bicycle,Going Ahead, , , , , ,Cyclist and Driver travelling in same direction. One vehicle rear-ended the other.,Driving Properly,Normal
-79.383968,43.642317,80631969,5001501450,2015,"August 31, 2015",1545,15,LOWER SIMCOE ST,BREMNER BLVD, ,Minor Arterial,43.642317,-79.383968,Intersection,At Intersection,Traffic Signal,Clear,Non-Fatal,non-fatal,Cyclist,cyclist,35 to 39,Major,severely injured,Bicycle,Going Ahead, , , , , ,Motorist turning right on green or amber at signalized intersection strikes cyclist.,Driving Properly,Normal
-79.443073,43.677951,7879595,1382388,2013,"August 13, 2013",1639,16,ST CLAIR AVE W,DUFFERIN ST, ,Major Arterial,43.677951,-79.443073,Intersection,At Intersection,Traffic Signal,Clear,Non-Fatal,non-fatal,Cyclist,cyclist,55 to 59,Major,severely injured,Bicycle,Going Ahead, , , , , ,"Cyclist without ROW rides into path of motorist at inter, lnwy, dwy-Cyclist not turn.",Disobeyed Traffic Control,Inattentive
-79.302089,43.723372,80000042,142740894,2014,"August 20, 2014",1639,16,VICTORIA PARK AVE,O CONNOR DR, ,Major Arterial,43.723372,-79.302089,Intersection,At Intersection,Traffic Signal,Clear,Fatal,fatal,Pedestrian,pedestrian,75 to 79,Fatal,killed, , , , ,Vehicle turns left while ped crosses with ROW at inter.,Crossing with right of way,Normal, , , 
-79.35199,43.754645,6723033,1275965,2011,"November 25, 2011",1604,16,YORK MILLS Road,LESMILL Road, ,Major Arterial,43.754645,-79.35199,Intersection, ,Traffic Signal,Clear,Non-Fatal,non-fatal,Cyclist,cyclist,60 to 64,Major,severely injured,Bicycle,Going Ahead, , , , , ,Motorist turned left across cyclists path.,Driving Properly,Normal
-79.583759,43.746745,80905768,8000286363,2018,"February 14, 2018",1545,15,KIPLING AVE,MOUNT OLIVE DR, ,Major Arterial,43.746745,-79.583759,Intersection,At Intersection,Traffic Signal,Clear,Non-Fatal,non-fatal,Pedestrian,pedestrian,85 to 89,Major,severely injured, , , , ,Vehicle turns left while ped crosses with ROW at inter.,Crossing with right of way,Normal, , , 
-79.39079,43.656945,6724595,1277496,2011,"November 16, 2011",1655,16,20 MURRAY ST, , ,Local,43.656945,-79.39079,Mid-Block, ,No Control,Clear,Non-Fatal,non-fatal,Pedestrian,pedestrian,55 to 59,Major,severely injured,Other, , , ,Pedestrian hit at mid-block,"Crossing, no Traffic Control","Ability Impaired, Alcohol", , , 
-79.243068,43.81296,80000076,5000374256,2015,"March 4, 2015",1639,16,FINCH AVE E,MARKHAM RD, ,Major Arterial,43.81296,-79.243068,Intersection,At Intersection,Traffic Signal,Clear,Fatal,fatal,Pedestrian,pedestrian,60 to 64,Fatal,killed, , , , ,Vehicle turns right while ped crosses with ROW at inter.,Crossing with right of way,Normal, , , 
-79.49089,43.763545,5410786,1060729,2008,"September 8, 2008",1613,16,FINCH AVE W,KEELE ST, ,Major Arterial,43.763545,-79.49089,Intersection,At Intersection,Traffic Signal,Clear,Non-Fatal,non-fatal,Pedestrian,pedestrian,45 to 49,Major,severely injured,Other, , , ,Vehicle is going straight thru inter.while ped cross without ROW,"Crossing, no Traffic Control",Normal, , , 
-79.280689,43.729346,7777325,1336921,2013,"January 23, 2013",1556,15,EGLINTON AVE E,SINNOTT RD, ,Major Arterial,43.729346,-79.280689,Intersection,At Intersection,Traffic Signal,Clear,Fatal,fatal,Pedestrian,pedestrian,45 to 49,Fatal,killed, , , , ,Pedestrian involved in a collision with transit vehicle anywhere along roadway,Crossing with right of way,Normal, , , 
-79.294696,43.726218,80498736,6000026380,2016,"January 5, 2016",1628,16,EGLINTON AVE E,PHARMACY AVE,265 m East of,Major Arterial,43.726218,-79.294696,Mid-Block,Non Intersection,No Control,Clear,Non-Fatal,non-fatal,Pedestrian,pedestrian,10 to 14,Major,severely injured, , , , ,Pedestrian hit at mid-block,Running onto Roadway,Normal, , , 
-79.31429,43.689045,5279820,1122296,2009,"July 24, 2009",1647,16,WOODBINE AVE,MILVERTON BLVD, ,Major Arterial,43.689045,-79.31429,Intersection,At Intersection,Pedestrian Crossover,Clear,Non-Fatal,non-fatal,Pedestrian,pedestrian,55 to 59,Major,severely injured,Other, , , ,Pedestrian hit a PXO/ped. Mid-block signal,"Crossing, Pedestrian Crossover",Normal, , , 
-79.263141,43.823207,80770430,7001157436,2017,"June 28, 2017",1648,16,MIDDELFIELD ROAD,PEBBLEWOOD AVENUE, ,Minor Arterial,43.823207,-79.263141,Intersection,At Intersection,No Control,Clear,Non-Fatal,non-fatal,Pedestrian,pedestrian,15 to 19,Major,severely injured, , , , ,Vehicle is going straight thru inter.while ped cross without ROW,Coming From Behind Parked Vehicle,Inattentive, , , 
-79.399074,43.65549,7890018,1386644,2013,"September 14, 2013",1649,16,SPADINA AVE,BALDWIN ST, ,Major Arterial,43.65549,-79.399074,Mid-Block, ,No Control,Clear,Non-Fatal,non-fatal,Pedestrian,pedestrian,40 to 44,Major,severely injured,Other, , , ,Pedestrian involved in a collision with transit vehicle anywhere along roadway,"Crossing, no Traffic Control",Inattentive, , , 
-79.380924,43.639735,80774368,7000669891,2017,"April 16, 2017",1649,16,QUEENS QUAY W,YORK ST,47 m West of,Minor Arterial,43.639735,-79.380924,Mid-Block,Non Intersection,No Control,Clear,Non-Fatal,non-fatal,Pedestrian,pedestrian,35 to 39,Major,severely injured, , , , ,Pedestrian involved in a collision with transit vehicle anywhere along roadway,"Crossing, no Traffic Control",Inattentive, , , 
-79.41559,43.779745,5448452,1077611,2008,"December 24, 2008",1650,16,YONGE ST,FINCH AVE W, ,Major Arterial,43.779745,-79.41559,Intersection,At Intersection, ,Other,Non-Fatal,non-fatal,Pedestrian,pedestrian,unknown,Major,severely injured,Other,Other, , , , , , , , 
-79.376781,43.646437,80145440,3001013927,2013,"November 21, 2013",1650,16,YONGE ST,FRONT ST, ,Major Arterial,43.646437,-79.376781,Mid-Block,Non Intersection,No Control,Clear,Non-Fatal,non-fatal,Pedestrian,pedestrian,65 to 69,Major,severely injured, , , , ,Pedestrian hit at mid-block,"Crossing, no Traffic Control",Inattentive, , , 
-79.50709,43.715145,5328396,1024000,2008,"February 26, 2008",1651,16,JANE ST,BLACK CR N JANE RAMP ST, ,Major Arterial,43.715145,-79.50709,Mid-Block, ,No Control,Snow,Non-Fatal,non-fatal,Pedestrian,pedestrian,0 to 4,Major,severely injured,Other, , , ,Other / Undefined,Person Getting on/off Vehicle,Normal, , , 